1A,1B,1C,1D,1E,2A,2B,2C,2D,2E,3A,3B,3C,3D,3E,4A,4B,4C,4D,4E,5A,5B,5C,5D,5E
30.9594910744757,21.3564735769763,30.7102244800154,35.9297175355862,20.451271302844,25.8027547168721,20.0621531769457,22.850839914441,27.0309492573396,27.1723663999065,23.5702765364296,26.4040749424103,20.2567179877132,22.0572113915214,22.9227835878116,24.8918121335244,26.2311965388938,27.0452837085402,24.298447809053,28.8837361147644,25.8574490040883,26.4756843518849,33.638183554823,35.0417416537903,32.3213547008617
21.8192723805127,34.8590557671518,28.5822100073888,21.7909137280859,32.0466563568977,23.2073844209779,22.0219179610339,31.5010814579023,26.752322654919,30.2961905631204,21.8787684142459,21.2093007414926,24.4954952712328,27.2100228248708,21.0074520613598,24.385374879875,22.9283907580011,21.4052202079164,27.1855516731292,21.6527139358351,27.0305738556309,20.1238542504398,21.8927474763075,24.3397942362457,21.3068819747082
31.3046514990737,21.2597843336178,20.5470236857809,35.2472923576766,26.0143495612351,22.4713415758536,25.0097123603234,23.8709010033065,28.970245117905,30.2695522753008,23.1441088552199,25.760715851172,31.8436895066126,30.779345641161,27.987903976454,29.4053232380738,24.3474208811205,30.9227453474855,30.4231131758378,40.0058518790749,33.4850117183926,21.963611363956,30.829103866835,30.7041899330492,28.0665994615856
33.4409291382171,32.3332870960478,30.3031197454805,21.2319552967948,32.4250395133683,24.9490718298068,20.3666153566765,29.7443297213647,28.5327849237095,30.7580982033793,21.051042376113,23.5411753477113,29.1868444690565,29.3381276813366,33.300758904404,20.2573022245478,21.0027145582277,21.86753449679,33.9047534972942,22.5755486460782,20.674783228574,20.285193738885,27.6202276767226,23.1089221572864,23.694639040208
22.1275841725714,23.6423781577201,26.0932251358802,31.8370997429688,23.4526857280002,27.9248454237931,20.5142850615888,25.780725638513,28.5599211160894,29.4808170072362,20.218588941991,22.2451923663411,32.8919115832703,29.7589993428124,32.8943402952488,30.3229146056604,21.3419133418735,32.8293681945181,27.6840997622703,32.9959216051845,32.2520761940719,30.4991452205878,28.3237627411133,31.11442526772,30.4028723491168
30.505456115849,34.457180246831,30.692193866714,22.4110497655694,38.0740582270913,21.7379042717396,20.356437336849,29.1357348673806,28.0792384872507,28.5405670695136,22.7999287400611,20.9680288479198,26.1747130282483,31.9211340055817,20.1833087796295,22.5236453541606,23.677540170677,23.130304062123,20.2692925708786,31.7289606935067,32.5663907365639,21.7200775086747,23.676308877026,21.3518790703076,30.199353450606
31.5524878929347,34.6061381902597,21.838359376446,31.8497863020368,24.6840505508076,28.2306126200145,27.472459922247,28.976429600399,23.7912946050557,35.8565509194699,24.8399921365569,26.084074060338,28.0626163912566,27.0813965762743,31.4229258792725,31.7197629345606,22.5793527317137,35.4228685637393,26.677895952147,30.6289276956638,33.2688983227963,31.4546661728806,30.6842625581481,35.5325327882866,22.2642591277348
21.6650280494087,23.7170718327319,32.441723947618,20.810329612191,35.3876845394387,21.7490763110185,21.2328227611241,32.0859843776014,28.0608475511783,30.6617094190906,23.4052438264849,26.3435764598289,24.8460340077967,27.2620622710927,20.7320207560271,20.7282065742536,20.7872774504037,21.6397084207588,20.3106302965264,30.4187267095743,31.0199257216911,20.2958561735281,22.7372612146676,21.7934687276368,29.8158768315046
31.0168574723779,31.6831545933947,21.8621969032674,31.7175014944448,22.4275194746391,26.4783077950965,20.8127513590004,32.1932355033132,27.4864083591054,29.6581208270713,23.1304327225692,24.917482973404,31.6645171260275,26.4230872731437,33.2155587475378,30.0888217784822,23.7468772681282,33.2096050194457,27.7058135775437,31.6566100679648,35.0314888554888,35.2296667349497,30.7123732553325,30.7671524301151,24.6859764345034
21.7723318058529,23.909829399438,34.1358159730178,21.8262739434337,33.3241868821793,25.7007321363779,26.4666915650151,33.7253446604858,30.2272834149448,31.5698807477093,21.7142621673516,26.5724242309726,29.1147623874151,30.1756172067088,30.7087968612252,36.4119634679891,21.8488400226523,22.8199534884078,28.1328425230472,20.2682292146961,34.2980171352664,21.8127161805712,20.261765991834,21.4943054040012,31.2735642496928
31.7062073021638,33.3614462188296,20.9409995518823,35.1591469359797,24.7746276806091,25.6697380778854,20.2288872200051,21.8258369233629,34.5189747686758,27.6414932859403,22.0066869011485,25.767363161547,30.6819853352648,30.9929699984307,31.0857406397992,32.8021647774726,23.7863233377277,35.5760612603241,27.9622029602505,29.0040641299384,33.8273832558922,29.2895198913253,29.9566750363933,28.9380456069702,25.0557222717961
22.4825603931873,22.342157256313,33.5281343464592,21.5639564887322,35.5553272455506,27.7459577102369,24.358122046435,31.1883890105202,30.7451632903639,28.2185992821378,22.0527793657378,23.0840718567255,29.8382203111261,28.3890094456682,29.2007200414365,21.912563148702,24.6207179937715,22.6769832159963,21.1417515978203,21.344863632836,29.6805204755996,21.5516865829141,22.8607340481264,22.3420229771915,34.6466335097205
30.8181081848201,32.7563593144969,34.9961368793507,29.5287339418624,22.1672222910295,25.0878318230567,20.3429993316568,31.7268196371349,32.6102661440671,27.6204824342457,25.7694134705634,21.4404791737982,25.0658789132782,27.311253092657,33.372087493843,32.7207216080138,22.6284192533781,39.5598318761316,32.1182786112318,33.1363313044813,33.8650907704059,31.2933282643207,31.2471217584073,34.2753230603273,20.5243519047314
22.8728769017518,20.9373939823295,22.2741983912392,21.9352944661121,35.1989209514465,35.029104829264,23.1614862916478,30.9641187341583,29.0705391076751,29.8916828895177,29.7126138620836,27.204986747837,26.264608509786,28.325130438929,28.8579727564104,21.1622017862452,20.9364296012889,22.0014196459709,33.7889775324239,21.5443940557149,22.6305901947339,20.6655585026455,22.2313546629028,22.1160627446059,29.8780900827799
33.5300255385541,31.222725455764,30.1979605601687,33.8249555207167,23.4327085551144,30.1138602722269,22.621548823251,28.5466828920072,21.5641156660469,27.9147333670077,21.1797566337057,27.835697244978,30.2248224687462,29.8263628294041,29.7025679481981,29.871410720063,21.6333132905785,32.9093511706165,21.0236589013158,32.5680393981647,30.7585101814003,28.9464280824831,28.9265495170722,33.8942816247765,20.1271599370639
22.2197338922434,21.7248446491647,21.4129495408555,22.0996370562621,31.9684937085453,32.0699485448554,28.4687675661722,30.0225821820629,30.3698506291107,24.7603039736574,21.6526636825887,20.1786702065392,31.5439028648674,28.3072067139324,29.8641600967864,21.8647716764952,20.452930323036,22.4408966218479,31.5803726031593,21.4170175431475,20.9417782169829,28.0647507469704,35.3151132919801,25.3127593980074,34.6828823074524
31.5222458530903,27.1356842832864,32.1767285477623,30.8176445460789,23.862986025335,25.2612431539408,29.3290277161974,25.5437592955638,36.9750114615029,32.7952176469148,27.6665411381721,27.5260715204726,26.2486746894858,27.8694081481259,32.6604648037443,33.1649623874245,22.5410451132517,31.2706334103663,27.8880316378379,31.9443120525106,29.2754028199694,32.0618902669183,22.5861137144711,29.2271835997719,23.2859316980999
20.4930499427439,34.6988965163057,22.9448205894001,22.4995567841878,32.7389792752172,24.0394361768971,20.8946829244317,36.3846902038802,27.0395046766894,27.3355670999613,23.6785153698066,20.2608179934993,25.4037823160229,29.5017628034948,27.7405300415402,26.8475966750412,26.4638609396807,30.9687339279482,21.6296939005349,23.3839944527638,23.2781638572508,27.8281149476618,33.8707829218503,22.9991490441438,34.8356757103248
32.9220396981688,25.2798582282445,31.0037653458873,33.1944107255587,25.0732217878761,24.9000153616708,27.6036554839975,27.9493019017335,23.2020839592715,27.1481290249923,25.5515553995815,25.4808810523415,24.5711840624079,21.1693679265888,27.8375412626507,21.2189643218784,23.1390250280332,31.410380623689,30.8081554736809,32.1742677964355,34.665855929622,21.2217109017169,32.8675022516297,30.2449878407347,20.9219641275947
22.3470495063253,30.9510911256465,21.4116693616692,22.9241474753498,33.1598756907887,22.8754150813042,22.5312641796292,31.8565645075754,32.1225930715095,28.8702080094381,22.6137334931117,24.5714589179883,25.7101235309435,28.6768549604789,29.6114031856292,30.2825869950277,27.2274950687328,23.567155542147,27.2250862690261,21.0264191874326,21.076583680894,28.3481293110294,22.1351923773116,23.3677345080666,32.506769421952
29.3984399153902,22.0000605788172,31.0226854797418,33.1289531210618,23.5176405031275,22.2587360581238,27.6963070310004,32.048879918633,32.4404458816105,34.6938812336678,22.2796832176513,24.8936008243746,23.7468102661538,20.3485410500876,29.0313005775519,23.0911773311467,24.6623109687661,37.1069782702556,30.8073174676478,33.2249857873894,33.248647929685,30.4407244399577,32.9163437012869,29.2570726805866,23.8964462557359
22.1138745209594,31.5077509651783,22.0620096327377,21.7498056223403,30.540671433407,21.643224255506,24.6067906456142,33.6144848756777,29.3430425147146,29.598988557706,27.5178402938874,25.5918327795108,27.0951384703675,30.4338057962432,30.2666893264503,32.8746486413082,29.0619805385632,24.553796730238,29.3295777807154,29.75693767377,21.641452534417,35.3590352844327,24.5515858384963,20.9145618815305,31.1499358445883
28.6348949883626,21.7487346882653,30.8235449996615,33.538146158503,23.2616539262667,26.0422113948217,27.0276416391549,29.0695432006195,39.1251433621022,30.2806608605894,22.4376521074833,27.7799950583924,28.3904545321274,20.7853901304868,28.7815597583253,32.454343178122,30.7235703112075,33.4033962350636,28.4356775217704,22.6179713869992,27.7160268921156,25.201727269776,32.577371753269,31.6385652242423,20.366204975753
22.4016950222182,31.0662667867278,21.4857521454488,22.1417001231249,28.5353551937566,24.4474201509953,25.0633581307813,34.766838233468,38.3434257524311,33.1020112108,28.2696290438657,26.463361058017,27.8754742616588,28.8312446711198,30.2152820416396,32.4491875565981,26.7087958432569,23.7669059231856,29.4381028722196,36.5185011723262,21.8368620301067,35.5104061704353,23.257183121645,20.2408383571284,33.2116718027928
28.9437816931355,21.7112971139043,32.7094940173488,31.0143694815975,21.8633849339209,31.2123023975347,22.2368289078267,32.396535148496,34.6334002575313,32.0932171641452,28.212658486472,20.3898566484569,26.7602420268404,20.9933891515562,28.483417266201,34.4220160482348,29.362164436044,32.3688877336069,29.6807466509365,21.7977821116058,33.4007313280075,26.4580799641202,27.1072487840305,29.5693829762952,22.0583558742503
22.2466599509751,32.600919735794,22.6635488339987,24.3312270776163,30.0932588751513,26.7604285499416,28.8802137547842,31.2731158710308,28.7118207242893,30.2047377102745,25.3791732841287,25.432343338782,29.9582040048484,27.3358332613309,29.2316124257623,31.2930212615319,27.6404853302545,24.481246936279,29.5928163669156,36.5862245979446,20.3839685182878,31.1599625591557,21.0911678653297,21.7713992995723,31.9721166215054
30.4677251228259,22.3538172605903,29.4801300169109,30.8587250997949,25.8625431553429,20.8375999224309,22.051424373354,28.0030490579789,29.4247917798695,33.1362468222513,30.1236888852282,23.0906262699355,32.4057818938349,22.0853897087922,31.8342730339037,30.2325253213309,32.2514701942366,32.9791010973855,28.3986935644039,20.7244501469644,34.5282692003824,33.6382458971086,31.7885518215552,31.4281746001635,21.8062878774199
20.8826541570886,30.6170778849569,21.6564587328916,24.3196164789124,33.6277829219308,20.6304455887686,25.5537596872087,38.1241024951266,31.4126669239585,26.9341524418962,27.1578244396634,23.0723503353816,26.7483948337722,28.8515753348074,28.8199457366351,29.8656759785829,27.6861041480051,22.5705252464609,29.9629820701954,34.5809189260906,22.0812799620251,25.863343427741,23.8587241179766,27.8360003968659,30.9374908984152
29.1504116494953,21.0766585995722,31.7061609765435,29.0119296628889,23.4218209645418,30.1317575094708,28.8989176511946,21.3465483921312,26.6029297121993,28.0821936522933,26.7866022237418,27.8616459852831,31.3644308307286,30.9226836763051,30.5828807689324,22.1555500944063,31.2645511359604,31.0351825312279,29.7874646653762,22.2248700603916,31.6469059518405,30.6417054177876,26.7157198899538,21.9396504277074,20.8936983432391
22.9390935015524,29.4479075111235,22.5497266443249,23.1992181828237,31.1881548296767,23.1613715470837,25.4840657609355,20.3376139196834,26.6991081202444,28.367967665454,22.5066839820989,26.4966485952079,28.29923143187,30.7683394642664,31.3894600066701,32.1860501484914,28.1650199368303,31.3995991584697,29.3808019712001,29.4093935189757,23.4520288830324,30.7653355044876,32.3790858820533,23.3458154579052,33.6381398369499
31.3970350632116,20.9264876128237,33.3558445286292,29.5197280207665,25.8648737005437,27.5878516875371,20.7537672808988,29.3411766986475,20.6425881030143,26.9633491301009,25.0445374229334,27.8685046932917,28.6759392278631,28.6306057455737,31.3648356102773,22.4535762839872,30.8233428500926,24.0750059503239,30.4212034636017,21.563447601962,35.7197936858243,24.9430940812925,20.6240876070991,23.0249782938541,20.6254732734668
21.9892183892721,29.0950215421995,23.0681570366717,23.1638253133367,31.5722529956455,28.9160324272039,29.2253752048255,34.0308889388955,20.5618661449224,31.2842561404401,24.6379264394652,22.9255664621914,27.8691956869599,28.3550702342683,28.9692452077293,30.5258622990479,28.2922312518778,32.5881099445644,31.3102480465983,33.9195801886606,22.2936244580917,26.8011610042874,32.6013764520838,26.5656045499667,30.9337093970631
32.1299787019425,22.6969538891095,30.3596068304307,33.0113625523964,21.458029232021,26.0163160962752,25.6272745310193,27.6627313733635,27.0568419987735,35.7661445235658,31.251383792991,24.8167994784785,24.26532420976,32.2962292602165,30.4727281635038,32.2919907200631,30.6008219017935,24.0511724340101,21.8176011646092,29.3783828362028,35.3801994433587,30.1681274154783,32.51476220615,23.013186770926,21.1216274816643
22.9105940656329,31.4287383267509,22.9322844687195,23.4300529038916,30.8405402257984,24.2827614220787,23.1382757507191,32.4246806327485,30.5593109515988,27.8556277254715,32.3139296883622,20.0683846255102,31.6710158350417,30.5603883077811,28.6081342102874,33.0912939030833,26.9164886588134,33.3082744488896,29.3653336451665,28.2789364083991,22.6336529101859,30.123701627402,20.5421516290264,29.5007811297377,30.8918639469896
28.3451128745169,21.4451496267811,31.2483207904028,30.5403430980596,23.3944840204176,20.9798814650276,25.7360977388578,29.1710836398592,23.7093913795833,27.2797140368773,32.1993829666165,26.4833164470857,29.8743038530104,26.945555085557,33.743840871226,30.9216471249783,26.0409426978483,31.018082161134,21.7832253989202,28.9096132037217,33.4962677610385,23.6479700522017,31.898375422844,25.4294130654979,25.2733744424914
22.5904834484013,30.1039141555619,23.8317863986664,24.1577583146297,31.2435482137798,25.9995613844226,25.9765101801079,26.8214833654489,27.3079012158755,27.7289215472729,30.3891200243716,20.6880957456797,31.7760246233197,34.2662576094742,36.1538688292339,32.3541770307307,27.3531661528,23.5274156504557,30.0887642402602,34.449982176248,21.8100391644668,33.0601290527018,22.1797271627221,23.96723374211,27.5544023438146
33.3353360411158,22.4902302961942,30.3374258249521,32.5296505114988,22.7993460319985,25.1201281782564,23.1663577430015,33.7495746245792,26.4423377195405,28.2384855541479,35.2594369857172,20.1337829212578,33.682123924592,31.0374803647573,32.4057906238112,32.7792423112287,27.0754597145388,31.6889557056138,28.6099292718273,31.9995904364533,31.7728509930143,30.3522119640301,28.3305846073117,23.7807370775473,20.3876325912925
20.6926917563847,31.2311626700049,22.4611593967743,23.6673800272022,31.6025475308581,34.0119028444916,27.5048020339952,35.8663514779924,31.7588863026753,32.1440406869611,26.628882344541,26.3089297107709,31.7812121883312,29.061656325148,20.5474386897676,22.5268877002175,28.6914747123768,23.8847698344366,25.1763285436294,31.1249992962313,20.9115678838839,29.1742239678766,32.6672289285746,27.7385380566618,32.9098186520698
28.7751812877626,20.4280175711206,33.5421154390725,31.1683932801903,23.5491970639959,34.8143252963534,22.08988300074,25.8112673017415,30.9018014483658,31.0152396568557,28.0762376130674,28.5156258326171,27.5814282051764,27.8633502490606,31.9509141481906,34.5385177946069,28.7999356915005,38.065714737901,27.6753403118777,31.5523943387705,26.6008462108123,28.9799805282128,21.989011045652,22.5400444473515,21.3149910721371
21.7934537502564,30.1720011645181,22.3691588240048,23.3270798470438,31.6786036995039,34.5512835151854,27.5747848342977,35.1717765193758,26.7293375282402,31.7309481517002,28.4570175352179,20.7051972860926,28.741968496874,28.9774235318467,32.7652468127848,32.0853179195011,31.8408655353959,23.0958194373678,27.6285002098745,34.8500308496094,21.7907649647734,33.6174884968147,34.2568282723507,33.4215669327998,30.831282422238
29.4366149523792,27.9535783931043,30.5959353031094,33.9272740175758,26.225129337172,31.4083831201689,24.7300956683649,29.6223131270842,29.1483588597921,29.4662636499524,30.3203562341843,24.8054305905601,29.4994974101481,28.4198473686338,35.6486182566032,24.1977855668057,27.2177274588398,32.9307013633436,27.6532716396327,32.7167069478595,34.3926331059981,28.7309096906009,27.8179124340851,22.3534535617878,28.4792501879955
22.4388423420961,20.9014323902995,22.6868213350654,25.5353886478991,33.3124087089189,30.7818363136315,32.1816636740586,32.6529480531904,31.3208180585322,27.9325895922379,30.1474584031387,26.4659225642536,38.5350342857891,28.4139033951239,20.0830099119453,33.1489250014983,28.1317332175049,23.1894153644293,20.1980358917688,30.9037928058242,23.1220728286672,29.79854982965,22.1828785718467,30.5481989715902,29.3357751579386
31.0358260549376,28.9650009917623,29.0690303706817,29.9248045040229,22.6754197424434,31.4702250907098,21.98883768722,31.8229026253115,26.2759576529736,27.8809680253075,30.2171976623073,21.0708164047007,26.3288587319929,28.91557442217,35.203909300866,24.6893287104537,23.1530153118647,32.0252262961941,31.7477594649535,25.1972274622651,34.3659093805163,35.0774662302712,27.9096978742291,23.491587928755,21.5142745125769
22.2048772609145,20.4839986807829,22.4220080681655,23.183258365389,32.9988589199766,25.8169990685601,25.3869976894906,34.9249335880905,29.6436958986815,28.1405408406597,31.5210137137166,27.4992016116543,26.2832833950334,32.328465362994,20.9814410917162,32.6031459182206,22.2520052646018,32.6760223771886,29.2028928526946,32.3824255727662,22.7088435795252,26.8017036738405,21.0915425082304,24.6017270199271,32.4367454340925
29.4498403324183,27.2930742483858,29.7319399916388,32.288692082459,22.3570940030026,25.2068986005259,23.6908311580181,31.6561643398469,28.4882077672302,22.0932467745928,22.6957464791425,26.3845708346819,29.294878474138,31.7374141786478,33.9475221063682,27.9612081739828,27.7970485157021,33.9311332338557,20.257411952278,26.5367946136275,30.621115412191,28.5567581133181,35.6829828353003,29.9498927070657,30.8153394303916
22.2028875242533,29.327980494665,21.7801361083001,21.1212204566715,31.5539305946437,32.6330843122792,25.7866977048169,41.6495339481341,27.8961759616034,26.4147917525966,28.9673513202214,26.7557398403233,27.3613744915996,29.7051130670387,22.0459911415568,31.398316391125,32.2298723255763,29.941530402477,36.1891176653875,30.1173917495473,22.4041441611432,29.2051909967948,20.9530743640309,25.2427318685613,22.177306869058
27.5097840413908,29.5868527780471,28.8098061607687,30.2060726052785,31.6834302914288,28.6806904326669,20.3652082557176,34.7684807208283,24.036453731852,28.4897811172012,27.7159411289737,26.5129735945352,27.3779469593554,29.8921248450585,35.2864413275205,22.1074109753466,29.77851856542,24.5296867574156,29.1586326313208,23.4152612938965,32.7280276411159,29.0365879427736,30.5599555655728,33.5679121116098,26.7971001323265
21.7509624288282,21.0693006571513,22.3928132897699,22.4831775375368,29.0130293595381,32.3267388449921,22.2634452628589,29.4591447833291,30.880374736761,26.1093094234034,28.676625871973,26.6052865787299,23.7572739576192,30.6314146759936,20.5701343734886,34.269397010031,26.8935996292823,32.5746175781561,23.7920074375904,32.3642668642717,30.6197811472201,33.3388249812829,21.5839818622716,21.1047107972641,31.8376244634409
29.8510267598229,28.6057996520603,31.8257047921177,31.3468027566326,21.2569896563719,26.550215601027,27.5603300004746,33.3498551500537,27.881196085639,32.0468133202206,24.195614975181,21.1280435995116,28.6082966278407,27.2921437064673,31.4297905061573,23.8980105017812,27.0382174777456,29.1361501033071,30.5176907240682,32.7469714369192,21.520939969945,21.5695301045436,33.5024910567135,34.7583870923416,32.0702387134202
22.4339623619386,21.1000810394692,23.0322266379248,22.9502361895,35.5102312264197,23.9131539430858,23.5622352734686,28.619293859188,27.8759211944616,33.4191591981342,32.9700507322887,20.7985878483891,31.2370060511566,29.9043671124937,33.5361384948074,33.0332734441889,28.8260556431112,20.0556033043105,29.1771664497884,30.9635657855042,33.7237063554747,34.6393740315569,21.348163918691,26.0370959920264,31.950380767528
29.0455958892021,29.8178591678799,35.4701509451378,31.5125393649707,23.1505721475139,26.5238918587694,22.7470520692354,28.6866252813108,28.0077055393308,23.9484657479137,26.0207411879588,26.1946564711825,30.147892723936,31.6794652360292,20.9671841752049,24.1629388099377,30.4013814290407,31.8834400301811,29.7402617469885,34.7974432877631,23.4352296979045,29.2574676467846,28.7344785601309,32.3361382881195,29.7008542723052
21.8120383777861,21.6801583082778,22.9355564236496,23.281976803762,32.5590209388715,32.9145774940582,28.0838512085462,31.7696426654346,25.8489940447384,32.9973452969978,27.7728685902535,26.6386852494797,29.0801216963881,32.229924391078,31.7996314472953,28.3831590844569,20.0598888436821,21.4970006630381,32.0315079250005,23.8335132576269,35.2341454612924,20.7889535476644,21.3257947875172,24.2161565169595,33.689663809595
29.2158546772548,28.4765795987015,28.1775499658056,35.0108490926348,21.7560829800729,28.342372039707,23.5534352411007,33.8140982515703,24.7158355415639,20.1057376059543,27.5696255798722,23.3284880612458,28.9583890738023,30.8892606819024,20.6452367668509,34.6916227042749,32.3445150501184,28.4486607556211,22.9947968327108,31.7632101428573,22.7477009700758,30.3365990506931,32.6341686752526,33.6376106048197,20.5505340077118
22.9134129674559,20.4744516818625,21.9076281442637,23.5563646124287,33.5106605285878,20.4640546673438,21.4207730915942,31.3758282273562,30.7947605067258,30.9166075898465,28.4199786764605,26.5810878863492,26.0929686610386,30.2763757065074,32.6010129318748,29.2290684335665,26.6282956882016,20.6889107108737,33.2529505845189,21.8592470071498,31.2885104215332,25.7290428169859,23.0959662098631,20.917024632315,30.2256173982185
29.8049761382668,28.3279759378152,31.9743538426245,29.6931951086206,21.3603980128493,29.2438641013531,29.0382656433104,30.1785093143431,20.5533039734233,33.6307814086942,28.5091937514332,25.2561551594225,28.1330988759054,35.3628509712717,21.795482586917,22.1229624539914,31.8167967532206,33.8231907052082,29.6770884772232,27.6471179607663,22.1896406035523,28.8541480963814,33.9928409230934,31.2382558078576,34.4843252292546
21.3747904767067,20.4165240182454,21.6916558841522,22.7830448239868,32.4926421315425,27.1724174158065,22.6700153751515,32.1446882190279,25.6107296389289,32.3494151640394,30.4819014717245,22.1735899851178,32.660462033501,32.2332478065225,34.5737155794924,33.1491576386932,30.9515247532743,23.1749149229066,21.4689612551538,22.1453924971935,33.8107992661503,20.1634098238618,22.0025993845855,27.6346905327339,28.0252247470897
28.8140386159408,29.6377167322882,31.1401730665479,32.526203089751,21.1471593442557,20.7814167858705,20.3264891121021,34.8556054130665,28.27890174288,29.9183671558222,27.617933762211,20.1648459800213,29.0981576396373,30.2203603296687,30.656041645374,31.4937579446486,31.8537616216095,30.5419148743365,28.7692031111858,31.3445223552684,23.4064899732923,25.9759812701616,30.574670133761,21.8608193395697,30.5275629948602
21.0599669487669,30.3030082189981,21.7651340070229,23.7510707806241,32.7825460080821,32.4934887866236,23.3827642048683,31.1679279939529,25.901293096783,30.4732166543353,25.9409084558204,22.5616317693876,30.7750232308426,32.0906951076897,22.0868115395765,23.0654559741283,27.7197197533838,20.9369543499158,20.5278253821872,31.5541600273461,32.9018500626217,32.5368956866399,20.7027063441175,33.084640425479,32.8446103364534
30.1626169573679,21.8072026027712,33.33674013383,32.1769901773232,21.9593159356852,20.8340231304882,24.7892034495206,20.0084974187002,24.3400984759517,27.2737863896529,26.6592403761317,26.7167649824753,27.324684451602,31.3210490879247,33.3146903921852,33.1674391929225,23.2149981681048,32.418377385475,29.5711552383651,21.3592464166119,21.8380816309592,34.6172667849086,24.1427117728749,22.8700326240039,23.0308917096265
22.4293672789103,28.9399696072657,22.4042994158299,21.91943598888,33.1918675136838,30.9933907821978,26.410819929884,36.0714170189454,22.4680225039206,30.5335256098695,27.9101459802192,21.1968703512165,29.7856112181211,28.3475760531209,20.2961753362318,31.1012241683669,34.1061714207204,23.4570813875971,20.6514225530612,29.1211804128327,31.5130397756352,32.5095140039287,21.1218915384661,32.0876352260909,30.0335960959061
30.0614745518386,20.2577508975608,30.6143031811627,32.3297702367408,21.4863527101561,20.3120583905122,21.9577211881843,34.7775547076192,20.7524549669759,35.7648663223416,26.9588816896257,26.4212351527312,32.4686640486772,31.2835582997791,31.7191713450875,31.6849040982435,34.9120226628777,34.1996163539955,30.285226163994,30.4154613527501,22.2352018230164,25.9383242379134,25.6221179252224,21.8137084113595,26.7812487543122
20.1556663457843,29.5389894418578,22.6550852309853,24.1216588809317,32.2214446689548,30.9211498460765,26.3385740483247,32.1975587869858,25.3680425553202,28.2246590352324,29.8675592659563,21.2930725249845,28.7842786863739,28.5269104458813,32.1847406821119,24.1807669476192,27.7437073511763,25.2363341845822,30.1143140235261,29.3318007614574,35.2507991960191,21.5490024225339,20.6991761586798,24.921972068892,20.8126978510225
29.8691022344604,30.4525389120746,30.8114400176967,32.6474559556001,37.7910770033196,35.8349629107293,34.5366106156035,37.3133298730634,26.8856709953904,27.9114361863158,27.3572813736789,21.1495937900112,27.1318557320447,29.7057971829943,34.9454764532832,32.6044983785109,24.8324301551381,29.9635143261319,25.9376684758358,30.4226622700075,35.6990239120735,28.0960265779734,26.7338477558203,23.2680190041631,35.8521042980627
21.5703674037132,29.4241271715089,21.3398181518394,22.8658600416393,29.3537991999144,30.9154223106722,26.5362017832076,36.7973723076034,26.853016321679,28.1852993066785,30.1689709867074,26.6932050193682,30.4070680218429,27.3397965220899,29.3194661556173,30.7152215325619,25.7932928824284,32.6790480966584,29.7921086774726,23.8624200723315,23.6228748209068,31.954888057207,20.9064301562976,27.2456331989996,29.6798878049861
28.5149209308672,28.4915101560029,28.9092500464299,31.3929649921512,20.9965610847073,31.9577044375998,28.618506775792,20.7681734068688,23.6167786566639,32.4985677915008,26.2845397713234,26.3708711564634,31.2220593101606,31.0164290595107,32.250740125608,20.2039954022065,32.7579129260916,31.4020912473559,25.8401911751142,33.4781697319182,33.134376094622,30.8488543164747,28.5124853754566,20.9499244095887,20.7565082962344
21.6900429775149,20.453520304095,21.9447847644931,25.4401553099246,33.3610073549107,29.4165556716946,22.5151531284987,36.7967824565127,23.442607340445,32.1182571473323,30.4038591782205,NaN,27.4813755695364,30.4081266817303,30.8380573670905,33.9541912012839,28.8030923043492,30.840240245948,33.3726911000489,22.3953216450487,22.3914517995454,33.5099900228746,31.0873446449143,29.02830097595,32.0577378349446
30.243506882851,27.0560604284034,30.277358421065,34.4078973402014,22.3992785392288,33.2430665128781,25.624739774746,25.11889554026,28.6615974530685,32.9334642058702,23.7693561803158,NaN,26.826321582359,33.5363281359467,36.0826124478361,32.1132038931307,30.6054709531125,21.2820418951604,33.81342458336,38.398372899911,33.2933830799735,30.4465824658728,20.6148869477721,29.3677543797656,30.4794703242498
22.4362772033344,22.1822837446823,22.0771485246041,22.9134762402406,34.6722138785485,34.384763487031,26.4608516584796,32.7147778807028,26.2059949454437,28.8913998890166,29.5821838278958,NaN,27.1909363241781,27.9764121510683,31.5610261607818,30.3561310281644,30.3043744246805,33.2689683947454,21.5502704447668,26.0705483559707,22.6631844939448,27.0489773087427,35.2452453207082,21.2219472871853,21.2673015691629
32.783356800051,25.8228272029585,31.0609400499061,35.3393968285286,21.9829377464345,23.8342706051537,21.4528844455839,40.7038086711203,28.3248819399778,26.3726289682643,31.5354401556364,NaN,29.4320309898533,32.469403922955,33.0486566548902,21.8116025155004,28.0347335445989,29.6417936080917,30.1187884271307,33.5685766042419,30.9145964935984,26.2648102475746,21.9222471677181,30.7798177641586,35.0865922575152
21.8291971499483,29.0196012742583,20.9162924445574,24.7795562445695,34.8925196707865,23.2446048842569,26.6862680501855,35.0755334249658,27.2316506058208,26.7779962765487,33.8774283906983,NaN,27.2629946282612,23.4071531206561,21.243090638018,31.9219093629689,29.0459378768223,22.02954895332,29.9249880884379,22.8874765763949,35.524808473598,30.8174070048857,31.1332879747454,24.9750406307423,35.6075568854591
30.1199422046847,20.9102497930643,31.1718790201967,30.8246930511305,22.2024261141555,29.8755414114693,29.1939577154291,28.5976772773932,26.3200356670004,27.2616112730838,32.3509599649905,NaN,34.3780249907263,28.8458583193445,35.7194672923545,22.6045516326744,27.5884283386874,33.6706486980674,30.8983620159439,36.2921506381368,33.9046847134377,34.4717521253321,21.9035067672437,30.7030564028099,24.8734536872472
20.9698273737185,28.7436087804559,22.4689112534098,23.4674799616889,36.4431424076392,27.2821888484717,23.3779576211533,33.5624903232844,32.1081185842634,34.1774361112088,32.479209740165,NaN,29.584296949003,30.4896661337275,37.4006767911527,34.2767185395017,26.6296911122762,26.76331541615,28.6610962247924,34.4947652676812,32.2523368670824,31.2661328613523,28.5475091609685,23.9038137688257,20.8439907609047
32.7485967432834,21.3342031154638,27.9648505291379,32.1015927945036,30.3864107151732,33.3643899971384,24.0214532356732,25.504277660878,26.8101079969387,36.4102617969195,26.551106875819,NaN,27.8030190277586,29.7846930397564,34.9462615588504,33.1004533243745,28.3281961194135,37.2076522360636,29.4502293748514,21.8553706416248,35.8762773063257,29.1108909759003,20.8470698525828,33.1887730826619,26.1906165258364
22.3136386642728,29.4426162564104,21.6205434637743,23.5325387024981,22.6349575090466,29.9210019790409,20.2432274625851,31.5602508969496,33.7645170003937,29.4435881473181,26.4247880210645,NaN,27.3675789872158,37.3016046477587,20.4223710548834,32.5403221520012,20.0805170988689,25.0334474584236,20.1859989993544,33.392630752557,31.3246453901753,31.0930834203514,27.866148413736,23.8339676413788,20.32325588433
30.4337393585858,21.0599907493182,29.1491046353394,31.6168261998327,33.3489920319681,30.9370243530173,22.3699176637086,33.5835060889973,30.3166759455171,30.1260793407355,32.4529218478764,NaN,28.1660938761089,27.0650418497222,33.4261136693807,25.1499146013108,32.9503112309179,35.1005119307403,31.0752876659205,24.587069967877,20.6390211663777,33.2558030102017,30.4738886994117,37.0213590882006,31.3927575735033
22.1058806689233,28.2063480065479,21.8172671226018,25.2168671538941,22.3583025598805,21.2966644684929,28.3858897068303,31.5439762125302,26.764758550127,30.3244648762928,32.0220181135508,NaN,27.1652652068216,28.0714887046748,20.8419628859021,32.9058314435519,29.6054627720785,26.1289461767397,30.5530795480748,31.1234943131181,32.1940677205635,30.9541628365824,26.5956407682715,20.080162635404,30.0006339861651
30.4347619795608,21.4646839841661,31.4713956642735,30.455224359481,34.6509655101568,22.1516153760046,23.9328026988711,35.2504284524423,26.9087307927011,36.0846107057848,34.7730645869241,NaN,26.1664837497357,26.8705809692341,30.7794439446104,24.4130566146386,29.5093012603186,35.0217099515758,20.0428110825562,22.2674820213243,34.808313306849,27.1841660937255,22.6647715574302,34.14747073474,21.8822250911839
22.932181383403,29.6720454522857,21.3821138815597,23.9294748929907,21.7568282177719,28.8897518848085,27.3360280244844,20.0332870557281,26.238522716976,29.3374567989585,30.1772448436865,NaN,27.5976628724086,26.9245074377565,34.5019795019843,32.6063064349365,27.9256981766866,24.1531232846373,30.9754679544822,35.6320931745101,28.0202026561061,32.2726177197898,28.7095858498486,24.0282947749019,31.9108278376107
32.128412218083,30.2780532072151,28.7736533126254,31.5564035369561,30.5252603615511,30.7780504452678,22.3106903235388,31.7970921588427,26.7766169787894,28.252206416029,29.5593674877774,NaN,27.6992576489214,31.075572509304,35.0377249376727,23.5683809735855,26.6996210005404,37.5041927731428,28.4864027617921,22.8671734910838,34.9182356090166,35.0096783195307,20.5860152346848,35.207600885012,28.7191087507515
21.7974842622696,22.2350246755957,20.1772610423747,23.5888332956959,20.2189928856699,27.2464305097707,26.0865581180558,31.6661175094932,26.7491616755448,29.444588207809,28.2063438911978,NaN,28.9371599792491,32.6600069518222,33.4251632068966,35.7535521831062,26.5733924036517,33.405813221704,29.9787659144489,35.7328106239393,31.6286788329298,30.0395829502239,31.2018088656969,20.4475072011197,30.2299416995641
28.3143311824345,29.4478148208797,30.7294794982016,31.6709676504151,28.2710121663588,28.5888806483706,26.432880642365,34.2208862621338,27.5402820063119,29.7005077278291,28.7141547614104,NaN,28.7354710729727,32.13664938818,34.2407582904152,34.9215986778308,27.076305041212,24.3601256463452,21.095232387637,22.1494719253089,32.2422469265145,23.1901411016601,20.5382383017575,32.6207749227671,26.4306708076207
22.7735894111842,22.4361524302425,21.3255994429602,23.2798386760645,23.9964963276979,26.8352911340061,20.0618132042041,36.6523822916408,24.3873752753693,31.7229222771133,31.8078820233069,NaN,32.2488887707755,20.0049329924022,32.0777300428095,23.7998981232509,28.9282816622291,36.4094414363562,29.6864815938946,34.9560283686508,33.9347069924824,34.9135137107697,30.0257847477266,24.4613985194756,35.7043425117753
28.252834306586,26.0806841057471,31.4134064485872,32.8540743081999,31.8089411798716,25.4425332394953,27.7135048252373,37.1849466689405,23.2158220777033,27.4922212722036,31.5003985210152,NaN,28.9744047900511,35.0792200425821,33.9987160632912,35.9830842392676,28.149916282887,32.7521953644999,20.2566323243214,21.5845679002612,33.978073311571,32.7094963229749,20.1228201765622,33.3872596327229,34.590060774627
21.5970234707444,21.5931708276352,21.5615180524822,23.5570753964968,23.6334200492319,29.8005255254716,24.5175646744879,36.9033071941767,22.3031973854352,29.250077659874,27.5011910196042,NaN,28.187106064922,27.9591073621536,31.609118581663,33.7142793747286,25.7845735626862,32.6910767105477,29.4309078795529,34.8484919884716,30.66413824506,30.690090541805,34.389096988554,21.4005147337664,34.7955877904526
31.0889036553713,27.0268651397296,33.7485003268839,31.3427158029986,30.0597873731882,28.7173646416875,22.9015856106554,31.8332894432824,29.8342996725904,28.7176706605658,26.0693487450401,NaN,33.5970769140249,29.1128316490638,35.3842085664815,31.9520506471367,27.3547502607434,30.3504683434557,21.0606922285001,22.2758454058912,20.8461964974537,28.7581880302716,30.1581743518,28.8753785242471,21.7640737188547
20.5587443494629,21.8667682885421,21.2838865569512,24.4876649276917,24.0828649655659,20.0290843556565,24.5768418251961,33.6661975699867,20.9515799937028,20.2555012748047,31.0856261820985,NaN,30.3123087667413,27.5729147182242,34.5769290683383,35.3770415925839,21.0447174487715,25.7528334950449,35.1563981890213,32.794639288712,35.6116561782772,31.4180145239175,24.6352588356869,21.2225112960046,29.0996788005094
31.1403088100678,29.1680194834181,27.5398554838856,31.0582356113366,29.1612487570781,36.5546855181548,29.570293510862,34.9321397927846,27.5979141220594,30.0190336651656,28.8921105629511,NaN,25.9645494898335,27.3202070617073,33.0175756356213,32.1505482372037,30.8677641666592,33.5430557847323,29.759623980257,23.0372322286712,34.6343478524991,29.2343555955852,23.0993861137151,34.6520005019937,20.8712432013178
20.7867928172558,29.9550895042375,22.1760319960917,23.8932964932958,22.7324530689949,27.3265407354556,21.5060957639378,31.4505223835487,26.6217470776358,33.0630375069152,29.5219535404445,NaN,30.9839225415236,29.9937004463667,21.3822594950694,28.0681441985489,28.6645325582097,25.4657716850402,20.17427896648,33.8821979957832,32.7104554229409,20.0927855307763,24.519516828103,23.0994645192796,34.5861431707544
30.0094761882585,20.7936128895738,29.6938730105551,33.0642560303194,31.1628886630723,29.1308533142215,27.0874453528397,32.4505140393013,21.7620532720974,28.8537729491464,29.0216615818764,NaN,27.768553836233,27.2722262250923,32.7822227810672,20.851891480523,29.4450631246636,34.6919579023627,31.0270996660626,20.4925344056618,31.1682150484582,31.4871413158022,30.0438702288824,35.324762758469,34.717913265325
22.2197188020793,29.3518719258062,21.3804126953895,23.1269421695475,25.5338801321366,30.1853972605562,24.4340296040554,27.4347580089475,28.3789546519235,27.6710469824605,30.4810477650984,NaN,27.1253524399412,33.1927500982341,31.3387641540465,30.5674821025762,27.1477135836877,25.5426236173478,20.967412482356,38.9831409009841,33.6546800267229,26.1311179373033,20.7991642998965,21.9869308285821,34.2594637376433
28.6403086291751,20.4337719500188,30.3768568712469,33.3787916738732,32.7640305478885,34.2757213577343,34.0575366253087,30.0350196007561,29.1955505436267,29.4385029361176,31.7387341386412,NaN,26.1076234290778,26.4680624622347,36.0317755586366,32.7684937575138,29.2420281067458,35.2930755059594,25.8150076143729,20.0428491713145,33.1327261832794,27.337168468089,33.6979316968155,34.9637147531452,20.3405498156838
21.3666774163661,28.5112983221064,21.2489202928362,20.9250612856961,25.523638022644,33.3417893828622,29.0427077871138,29.5403065371399,27.9216804112296,28.4154006098105,30.4863715545857,NaN,30.0704218129952,27.452234797962,21.4146588665454,20.1767294509156,20.3531709129011,24.53332471303,26.3416663166898,32.9634612775115,28.321913245072,22.4994809593067,25.1284852268017,31.4702729642459,30.1257055896382
29.5419180256805,20.5742388792946,29.279833441577,30.4980837480136,32.6974219392577,34.9668368593539,24.2199021301734,28.8570624123682,32.3345582524402,20.7003753609519,22.7449263565312,NaN,29.4945450097236,27.5911520657331,32.7921865160532,31.9628816441172,28.3039588980006,35.4776028092818,23.3279347596364,28.0756063967606,29.9726181561571,26.2087915385714,31.6114441196712,26.34963645965,21.7716699103048
21.0007600826946,29.2894886176819,20.7882637304437,23.0141300379259,22.1636796285835,33.4952804032118,26.0948017452126,26.9200867285804,33.8957126163558,26.0599654854813,35.5470769733693,NaN,29.205596424741,28.5836655632547,30.0894327035659,22.1486473279206,23.462128368415,26.5520948734735,26.4446932434414,23.4853513856759,28.0535090933482,28.8738572543045,22.9535523167813,36.427380974359,29.2957552208339
27.9515978088227,21.1025664180516,31.2090327400248,31.5014671800074,30.3118903022716,33.2672571153798,23.0186671784756,21.5521971667748,27.4677217278357,34.92025037196,30.7621454806961,NaN,27.3199096186699,27.3602443761898,31.1132388799197,34.6233915972951,28.9914538757738,33.1694300508601,28.2260245124133,29.5667365631765,30.3740059596516,31.3318187013378,33.2991860554251,21.0932818114392,32.2820562131719
22.03930939819,29.1720350314922,21.8253145799068,24.8543281431717,24.3250240830973,29.9498869901323,21.9925490855059,33.4654986735722,29.5072900712874,28.4066532923574,29.1084399276572,NaN,27.2072327991632,30.5797636956862,20.4105095245917,32.9874865539362,22.9479300239837,24.6102223857296,30.199794674388,21.8559971412708,35.0924580569837,33.1978597578176,22.6305152233531,34.327556348232,20.9700978477422
29.3266283325058,21.2328741103187,27.3244011510096,29.1633250052759,32.0657196600869,28.5151562642827,23.0302321155851,36.7345105324909,27.7037960103569,28.746041858929,30.6944656999842,NaN,28.5334782474937,26.6520579891106,33.6914509614853,31.4681480263392,26.5816652421348,34.8923846649035,24.8981187096423,30.110311392088,28.6406323958658,24.8288681456519,29.2676207496966,27.3765008085828,34.6819274093432
30.8677795512795,28.5736440601974,22.5305804796643,25.5583165478244,23.2470566137049,36.56333260635,23.4569835466596,27.3344083882896,24.030184657057,35.4943021921383,29.7003762277892,NaN,31.4468506962401,30.8519733493744,35.5437560084668,30.5124046241933,29.1539919333574,31.8313532350456,30.7831745820037,30.7919513842283,29.1199608192845,25.584354412927,22.6732066600855,32.2051174515932,27.1095855091738
20.6137562011564,21.5679864082556,29.2732156061346,30.1568770109115,32.5913704563811,26.1415257701677,21.9659789107641,28.9879649140259,34.0758973762272,27.3236170046318,31.0659956225084,NaN,26.6506142657182,27.9657017993939,34.1484168903301,29.2268995015485,21.320032241668,24.0601928095682,29.5011825234188,31.4557370900666,29.6770488520059,26.2457162856973,34.9201716204343,33.5861231746619,34.6961353135158
30.1341481041609,28.5075287492289,22.7903708843997,26.0073098064083,25.7078650459778,24.0480656702198,22.6310110749094,34.2830632354587,20.7024490395925,29.8940160251925,28.9872517527484,NaN,27.7794296926956,28.6460446137815,33.7000671907934,25.3181777886473,31.7875901142322,33.5093543022826,25.9721844673747,22.9827650833549,28.5659272865333,30.3325913457326,20.1399259192518,23.0358965771496,29.4726843107344
23.0053116842346,29.7816067043761,32.8223090095797,29.9784281905812,32.6928166783716,29.0005879290423,22.5288626435741,34.2215024985908,30.2580706614667,28.3495449310333,31.4749628934428,NaN,25.2814295218253,27.945551646544,34.8955152609993,33.2277866589732,28.7274694695756,23.1574363377974,29.0967478889223,36.6649914355453,20.763075426524,25.8871018254495,30.5878119125249,34.6384360526834,25.8564228783009
29.2041506598962,21.6491542288278,21.4746709910916,26.1249169414639,24.9082009056932,26.6464493375775,22.1447583033179,28.2876697972522,30.6564650299505,30.8959761715687,29.5252003483778,NaN,25.1837961301281,27.9563492901368,31.7458932495721,20.8635541707944,28.9411355279633,33.1105766997341,29.6581335428218,22.7985219299892,32.9186716132926,28.5109974483858,20.4822734152351,24.3339417581249,22.6351728427912
22.5201357357424,29.2704510598323,28.3867249020321,32.4645552540623,33.2723899087618,25.5761194447497,26.9305227320635,29.4089353752562,26.7900400751432,20.6005516160723,27.2563008101384,NaN,33.1046466615352,29.7750047033871,38.6617047107348,33.0024544557297,27.8125665569756,23.0248567902079,27.6520956290263,34.0181658675944,23.5686561144249,29.8950643260809,26.8569579672847,32.3864146122106,34.7169159418295
28.8055646749691,21.3656407528426,20.908162054226,26.4531597984037,24.7178856561326,32.8841711960895,29.4049132051309,28.7860342466653,28.6162610311458,28.929777639389,27.7634158515126,NaN,27.1745404159126,26.8930673704147,20.8924272900034,32.0977353082398,32.0635964623045,32.0331164384435,28.2766091801729,30.0472016559859,29.5478456947776,25.5982854103558,21.1211047170632,24.1565074129932,28.3176862326281
21.9406638114419,28.6306383042295,27.9666498649704,30.9878016106031,35.226841354433,27.3875299589803,24.4507775911331,27.8498481112638,27.104094872634,33.8449498562895,34.1535117604704,NaN,28.4594024044961,27.0195782734725,34.0309297895429,22.7902134654314,29.887630307271,24.6835703686476,28.5405506132571,25.2897781633297,25.7925945159651,26.4365259942744,34.0519562545796,33.2476466318126,23.7909040436689
28.450276450042,21.472941711954,20.942218247998,24.999577111829,24.6925143394288,30.2995767475884,25.1024682055688,29.5805403377534,29.2769770183413,24.1706631064734,34.3362106760972,NaN,30.5188293267043,29.9341236719596,33.9267885099622,33.3096799657687,30.5483741785131,32.2599846267872,26.9442401926244,29.0647430124058,21.1198891933758,28.8284364271839,22.8734641351343,30.4697732542505,29.5987789022588
21.2202158918421,27.9579319877117,30.4075869301894,30.1881788808639,34.7851968573193,34.2984780337431,26.068199392749,20.2444380283884,31.9948591157898,32.1634031240813,27.4764429552234,NaN,26.7617070478202,27.5265737134771,35.0442184500236,23.544590425605,28.8731016965273,31.9144150486988,20.2538389997192,21.9078908260769,31.2771956925645,31.1168584671296,29.7707966075556,22.184342155227,26.2449814032741
29.4452647857712,21.2133029680822,21.649443154978,25.8571560029498,25.7663697703695,30.4325768528799,26.243433165156,28.552598056627,30.5753220617198,31.4725088687742,30.5036350988286,NaN,30.6019068050767,26.5652682181476,35.7286396214229,33.0986155160582,29.2721937027446,28.8944899219633,29.2694107474244,32.34731031799,30.9476877205965,25.0210825587049,22.9089026059146,35.1648061339595,23.0354426952612
21.8041432962724,27.3495432577606,29.7812255845264,31.4714326236632,32.3148642798456,30.1912129028052,27.8159107215513,26.988113549908,30.763836780311,30.4332418901532,30.6271754605631,NaN,31.5499690875188,27.8509119129529,21.1394167724735,30.9953241289548,21.8418232770884,22.4174977476795,31.0219105681548,23.2936564601535,30.665785670416,29.409484312227,30.9687817606615,24.5385074338941,34.2823609626708
28.7900998675481,29.9492734465031,20.6562906555266,26.073692547616,27.1070766441059,27.4004854009017,32.7501678370149,27.0872575879077,30.2147773311805,33.0576261887478,33.2578209976764,NaN,30.9007521896251,28.6241347219662,35.2911779122361,23.590059071342,33.0157414898752,32.7291697589694,21.2237920630784,31.3377159058891,32.6420577596379,28.0724435702438,21.9652308074105,32.4052127663232,34.5995784319591
20.0786238192188,22.6101940665103,28.5231160468315,31.6420303129659,35.2226420930861,35.4023301295431,NaN,24.8348424864988,21.8765616224089,27.5637967793667,32.0042230478648,NaN,29.5208210924547,28.7346910168019,31.3705680793905,33.5609654330483,20.4873643452152,25.0505846414215,32.9664791183148,28.0930280038971,28.2514199395741,22.4028548261714,29.4285985893865,26.5972642546035,20.9084618799723
28.9573430401204,29.2471762751825,20.2618147157413,25.2771152457082,23.3867213257797,27.9050931112167,NaN,24.7073330922501,30.9198968089657,34.9176784199952,32.6070386320978,NaN,32.4878963818782,29.2370807255596,21.3004951364692,32.6341581352486,30.6134609806921,28.0995456448411,31.8421600688682,31.5104827515678,25.5707076104088,29.7613682503624,22.8306137231561,25.1500743562819,25.2241939175905
20.9918119886938,20.7748539383586,27.666439241881,30.7726084957991,35.3007648542644,32.2382626149967,NaN,30.8248375958684,28.3253169865267,27.4688565800148,28.8427304435335,NaN,26.4897134490626,28.264736658698,35.2509410086762,32.0731371357929,28.220943286461,23.7381055378668,29.6353003297685,22.4744933670019,34.8202562696691,28.9498826549869,30.6273348724495,27.240133864205,21.8679071952193
27.833935472562,29.2530236517022,21.0489571052982,25.4956086271428,21.0234251469796,29.4012121750483,NaN,25.2762528738426,24.7559009211973,30.1919434403574,23.8764341919706,NaN,30.1035674025306,27.4855652515945,34.4489423796457,33.4629104608947,28.2666822870614,30.3341578840453,26.3387068447603,32.7978465183102,29.759952423499,29.7446494367013,20.1683122353718,21.6216843845313,34.6135985599143
22.3451483637954,22.1743737126188,28.0915233930146,29.8051808620767,35.1412904548391,31.7489502188106,NaN,33.0724960028423,25.40711988573,28.9978455596905,31.6114927947936,NaN,29.8413335291554,27.7028346780895,35.4334042711945,24.8039899362937,26.7609729770158,23.1011261901825,29.3138867997111,20.4362322365889,27.6544660107495,26.6339458533716,26.4613821245224,33.2181751135011,30.4732700456432
29.6508507535587,27.7608228440434,22.5045188006041,26.2753248499828,20.3432669304435,33.6197295994854,NaN,36.6652121287223,23.5527242441549,36.465597711593,31.8106159749962,NaN,29.5459740712137,29.1430261685706,20.7847113532197,33.9372646166858,27.8717637550215,33.1087386049733,27.4296201270528,29.351668825667,35.7331469159481,26.6753178535521,21.7861043632731,21.3729807279023,21.038062872973
21.5894774764167,24.1306216464628,31.1729420849809,30.0102311024106,31.552055501304,33.8283774058704,NaN,32.3768706906103,26.5343132138329,37.946807476851,27.8938294229634,NaN,30.1864651795994,30.0183045644684,32.4840229198766,24.4998005768746,27.7155981195837,23.5680998988891,31.5924816704385,22.9695754558501,22.2155939507688,26.1395047510697,35.1439623362082,29.0028240952506,34.5095001617864
30.266646135394,31.2505658543007,22.7929743002363,24.6644697905735,23.7894468167085,31.75649428751,NaN,29.8653775773417,26.4601831663936,28.6761693089173,33.3644662791559,NaN,33.9925073196606,30.5156791491243,22.7900259618015,34.8543081333292,21.3229246239815,33.8904189241913,31.7114802906898,37.2087735171923,35.3354207685965,25.6534824382135,22.757258770211,21.333661506935,30.0521087038221
21.3596145485245,30.3128824179323,28.0785394500801,32.1859201934255,35.7753582069167,20.201606867455,NaN,28.0819515261626,27.7197753054471,31.9664718818305,27.9174423103117,NaN,34.3047916020762,28.501790840095,34.4533431487222,22.3743670950023,34.1880484556875,25.1364427027748,30.1544402385836,30.721198869286,30.9589352180226,23.790878285027,31.1907940256037,31.7495853412988,29.3421362124504
28.9823373517248,21.4097560216808,21.3963823221806,24.7856227462179,33.4259777387837,32.842650754076,NaN,23.3691429186022,38.0772998517181,29.5666830246249,27.7351909786093,NaN,31.8737821612347,26.8842704105295,33.3540416472395,32.7066019947807,21.2769580719737,34.7702903194198,30.3137112705676,23.4328056034643,24.288234223671,26.0256299083045,23.8597893611877,24.4785874897386,21.6486138817398
30.0910519836556,28.3231974201702,31.0530627546166,28.8641311057678,21.8423892522543,30.2881485116772,NaN,28.4015494218891,28.8280783341624,27.0506199363808,29.4712449003003,NaN,32.0363141855587,31.633602928921,21.3107452011545,31.9638405063903,29.5542259853922,23.8928997453561,31.534362417057,31.7854814229854,33.3060653390337,23.881100641274,25.3674523312063,30.443388977232,34.5538150647269
21.2421170409131,21.2771055486056,22.4072238802985,25.8130008790708,34.5423687149629,34.9522899075028,NaN,29.4439938963667,27.0006640905209,35.51090323259,31.2155568647364,NaN,34.9622622015713,36.7754210604893,33.7446268379389,33.437648959864,27.4886748295381,36.9421782875869,21.1273385053988,21.1461833316504,28.1527031284308,24.4245137166858,22.2604463147417,23.8957990693074,28.6619205592647
29.2233709021152,27.7465971036823,27.9263785501899,28.9792152244874,26.151040290482,29.9992234158199,NaN,28.0977421602223,27.924682782216,29.6461250628126,21.7287472896313,NaN,29.6135655469471,30.6452675753164,21.0050105150982,33.1678821031006,25.7410982524836,24.5910030648501,30.2722647951106,30.5086751160723,33.7595758118521,30.0591672902118,32.7115359324221,32.1674839405158,30.8677513918395
21.6815272749696,20.9929786859998,20.9346385248374,24.853256328032,35.2850459599674,32.4587653098669,NaN,28.4200730788678,26.938380575142,27.1968494051431,29.4231131975841,NaN,31.2837947301987,31.6398600824573,31.7414122191496,32.3033159910674,27.2780347972811,31.0644125027156,29.1694866353379,34.1227477077848,26.7032774187306,24.1974342080463,26.240589036219,23.7752449947246,34.7312883470863
28.7250237623116,28.6952417525427,30.6836404199605,31.6832763017171,24.8314345859126,33.3895054601977,NaN,29.2897256936356,27.913262990376,NaN,28.6253044230269,NaN,33.6182681160195,31.2467115655482,21.5520021783492,22.7503726412559,24.7437884041946,23.3707165751823,21.4985435849039,20.4311419920714,21.3013041711791,26.3877694114202,20.5413050127428,29.1947175477687,25.1337188181853
22.5916725324959,20.4129230930044,22.1155979717747,24.6677280785669,32.3210881638486,33.7088972250975,NaN,32.0842403799668,26.2044219329113,NaN,30.2659040260012,NaN,29.1480194620565,31.4373439920445,33.1897649572618,33.8343614269771,24.4837471456613,34.8516739656591,35.7078518920029,30.9436542135782,35.9090597327393,21.9457113869123,34.9940005601429,20.2274169133938,21.4930768183959
29.9148100511732,28.8838196518861,30.8717038767209,28.4156780435485,24.2708984359125,27.240074108178,NaN,23.6272366876978,26.3393588004999,NaN,31.7400852339218,NaN,32.2528620779212,31.5761746667185,23.118260202353,21.9336421591954,29.152534897965,22.9017314116524,21.9057984480309,20.8261122319327,25.2784962464765,25.9039882213191,22.860700599241,30.8996638198184,21.8683353987939
21.2229651991521,21.0503013939409,21.1474358007628,24.8146540744161,38.7116256224453,29.032082121011,NaN,20.3716350449141,28.7876082198751,NaN,28.7869514918863,NaN,21.2118157249056,29.4681991897654,34.0613114747383,30.7792979004963,27.5136512558641,31.8851594937557,36.4427640045638,29.9550323810469,29.6547067061997,28.4918172660133,36.2918429200189,22.1787379548956,21.1135368030743
28.7614554435961,32.8777238909954,29.2177729012948,28.7503164175774,20.6827698284767,34.9753514361135,NaN,33.1799837915136,22.0887779237362,NaN,31.7887362633128,NaN,33.4991807889988,29.6382071792733,33.9697947943657,23.5921062379562,24.6184650246353,24.3142369967305,28.9862993887911,30.2689248872873,34.3414182377456,27.2924491241209,24.0672936933948,31.7701288651737,25.5612500042402
21.424406270949,21.2374061548882,27.0111570889649,24.8988105723087,37.031550759662,33.0940699159505,NaN,28.968819132709,29.4055414667267,NaN,29.8315336228538,NaN,31.2100315533311,28.5710566919551,21.4623147440623,34.1841182960367,25.6735709683974,31.0636540950611,28.0588262584572,20.7702376035549,33.2315105264297,25.2513062773999,32.4796500885669,23.4861178342318,23.8777805816932
28.7050744420355,28.1447729656548,22.03228238847,33.0837666039096,22.7100853789234,33.4037963436756,NaN,28.0540609945747,27.7601645872654,NaN,30.1110033622532,NaN,33.144266681505,28.5188446010341,34.9076028229982,32.7433890933719,26.3363195624177,29.3524468929112,21.5894162835926,32.6806066633245,34.1583094392296,24.0341493733026,23.3169679104132,32.5471431845367,21.1409004513866
22.342253002487,21.3620464568618,32.3724162325901,25.0826375698149,33.9914005226927,33.1862455388456,NaN,28.5031562265789,28.4844842059815,NaN,30.1416348700803,NaN,31.3407484714832,31.0262007828934,21.9721952347695,22.1962406552326,25.9517720328169,33.7657477094881,32.2021356336943,21.2553114429809,23.7650878658896,24.7957625000813,30.3122585183751,24.5878803923128,33.0362083337021
28.8341575372278,29.3870955609969,21.663630349068,32.0065030745159,22.9230635241767,31.6555069431333,NaN,28.733089775154,24.5636054887141,NaN,29.3295287973041,NaN,34.9959000390072,30.8465882601341,34.639555373838,32.5078198394207,21.1107980009763,37.9218019722651,21.5608235039781,30.5760788662656,23.6910655606435,27.1910659061151,25.7290012602631,35.9231582286346,31.2799745784295
21.8368411570865,29.8618541414219,32.2593515928048,26.2558384363583,38.0646683448754,36.8840970832053,NaN,28.575755770152,24.5622259539259,NaN,26.6931344631953,NaN,37.1676318727638,28.3334105650829,34.3359025076405,23.1239383418766,25.3063187087172,20.5612256535083,29.5227362133314,22.9402181217102,22.8592114019387,26.839517960106,35.5321649310866,21.0728369347591,32.7649381454109
27.6199819537308,29.2273597853101,21.2614229640306,32.1069029587464,22.2759980943813,34.7727102642418,NaN,35.3234183742695,25.3919898667874,NaN,29.7687615226716,NaN,31.4834364977527,29.5549399827058,22.1414311970563,32.7070705603494,20.503603213142,36.0479297414736,26.5271483301941,29.141320979515,32.4471065450621,29.7714266540308,22.4987937321075,30.1233895040361,34.6653480300424
21.0818101414885,20.760357733804,33.2568325072591,25.0503305617713,34.4885510330421,32.6479548332399,NaN,32.6662336870987,30.538652867967,NaN,30.9718813208353,NaN,29.6350447507767,32.1345747581219,34.798922213143,23.5985422112471,27.2511998865416,20.9471702370859,29.8037741351582,28.6417042274144,25.7519832321103,26.6283405550043,31.0230584858663,34.8784856778276,34.8499809020082
28.8634026612894,28.6455777286402,21.6290705800401,32.9299419531838,20.2321026902483,30.0189618229037,NaN,28.8841294466616,NaN,NaN,22.1249141096224,NaN,31.7653627604324,30.9877725060516,33.2428695470875,32.2835010583743,26.271082573945,32.353902903591,20.6244636166996,30.9532481496619,27.7756336698063,25.3301931114879,21.1488085329124,25.171491600188,33.7053930513018
21.0789157716476,21.7709404575608,35.7099392079274,24.0854918582018,35.2857641266367,33.7777081669231,NaN,27.9378978624589,NaN,NaN,NaN,NaN,32.5818006287408,20.9309086968413,36.5970014693372,21.5303081823499,22.4986055503542,20.9143044884533,29.6280691281632,22.3545663547518,29.5267779728143,25.6712052903203,32.8884724468969,32.6928341039188,32.5474698195664
30.1339611920943,27.3687607056759,21.3132619814767,31.656143641305,20.4332856961538,31.7731888649352,NaN,35.9770333354281,NaN,NaN,NaN,NaN,27.2011612713255,28.3459858086191,20.2157601914198,34.9902370755832,27.9774298335493,29.9244504779942,27.4491371800918,37.5274622671274,23.2881857936802,32.2149383776023,35.2757201815524,23.3671835020868,27.8965602694719
20.8048542952788,21.684044610004,29.3713856637901,25.1705031374599,31.2639473838417,31.8004210241673,NaN,35.2240096147795,NaN,NaN,NaN,NaN,28.057336407804,30.6130767199449,31.0342245406494,23.5599362530663,25.0589115914007,29.154788415149,28.1112252277132,30.7927544158689,31.1607594580336,23.1113235869396,21.1156731395969,31.0006948705963,28.4680066436224
28.5964957089564,29.8337564856355,21.7116276433321,32.6551862805493,21.9365817574408,33.0475338244742,NaN,33.6901144850147,NaN,NaN,NaN,NaN,29.6411520149539,32.4757853094683,21.0215684174952,31.5434959393922,30.3360571496293,21.1204264811687,29.6644338778316,28.9351282352489,27.6475019315943,26.9204293007608,32.9072179042065,26.1531010007147,34.632718087048
21.6666017342801,22.8317162171046,29.937594394777,22.9966359523,35.2318000597359,20.3441648969422,NaN,33.9923886642592,NaN,NaN,NaN,NaN,32.005775589559,28.0532222401372,34.7567345970011,30.6513304268078,26.057476333356,35.7507508035905,28.0247149244927,27.772381513105,26.1672497359886,28.6736168513784,28.0799102187316,27.1977267766255,30.8121274366664
28.1476340479036,29.0289398556925,22.6646540120637,31.7626310346494,21.2281154835223,33.0789725764223,NaN,37.4583909824022,NaN,NaN,NaN,NaN,28.7063845824475,32.3032251297603,22.5095152014991,20.6638853301277,27.9292902095665,31.7486926928554,28.4766650966313,20.4165892417017,30.3645065653278,23.1533186204072,21.0665195822844,22.8914404860692,28.8574678617058
22.1625540167689,21.9111577022881,30.032621500271,23.737886759835,35.7319597785146,38.7415426096985,NaN,35.9320421146591,NaN,NaN,NaN,NaN,26.8531070296507,32.5673813413493,35.060879455797,34.8445659592306,26.4362394905676,20.9471382749502,20.9820058094496,31.1187596324914,20.7002037568329,30.4526181671058,27.8136809244122,29.5224586391675,34.4412825671895
29.2133125855095,28.8886087175207,24.0681302880724,29.8331114808967,20.1411171986461,35.0425958379843,NaN,34.9100662480429,NaN,NaN,NaN,NaN,NaN,31.2960539567327,33.190435043948,32.400072654526,31.9143985079243,35.1857614898299,30.6683145372306,20.3109295602188,23.4926056831585,32.9601972784426,20.7221514494851,22.0540106888582,30.2377264642827
20.8274774550714,27.1359505961725,29.5787215421047,21.2199636947914,35.8981690612279,30.8341955186027,NaN,27.565247682506,NaN,NaN,NaN,NaN,NaN,31.5676565161019,34.966464920748,31.0661393471353,32.2156608378995,22.1525936449019,29.3807351609481,29.1355716250254,25.102258289719,26.355762252967,28.1179108400674,35.4709906325085,34.6067290332704
27.1715939972071,26.1709941525898,22.7502382548121,32.9333861475991,21.5148372016321,37.5802399906978,NaN,31.1899579818432,NaN,NaN,NaN,NaN,NaN,30.4172853067869,21.9165545403604,30.4045112367372,30.3570681586983,30.7518557985313,32.232685533178,27.7976288389352,25.8630581223983,26.6549015780954,23.0486639188602,21.349472069965,34.3906318889389
21.7758665924816,20.1659228008735,31.1697120247716,23.43426374611,34.7409200057668,33.6418906865342,NaN,27.0521819961057,NaN,NaN,NaN,NaN,NaN,20.2543291911919,30.7721929347636,27.8779795415916,30.3731626314195,22.9213486725361,24.499077741915,26.9218160623591,24.1907486986319,27.0425238973768,25.862529416023,32.9283035204835,22.3000197200985
28.2327711216616,28.1278350569631,21.9291733109593,34.2270098686866,20.5596279836102,26.6770791034975,NaN,28.4681731639431,NaN,NaN,NaN,NaN,NaN,27.9650977550438,22.3918380791411,29.2203234088895,30.5620687766021,33.0783536672971,30.4873656176737,29.0813169141461,28.811225545306,21.6007279926373,24.5759419609969,22.8336987872831,28.7250518191886
20.5303271353351,26.7224528621231,33.1494170903374,23.7620119258584,35.8507956087249,25.1355692963765,NaN,30.6414475471114,NaN,NaN,NaN,NaN,NaN,27.5205204655419,33.7626053445795,28.1665864581215,29.8573298333891,30.4073548583419,35.4285609493977,22.6405945009241,27.2685566286398,23.6788966417465,33.4951505380251,32.251384574279,21.7209872563305
32.3196774686649,29.820610316336,21.4857250353063,32.1362620500351,21.038112558383,23.0001398895342,NaN,31.6488877707277,NaN,NaN,NaN,NaN,NaN,31.2032896771897,20.7804511970625,25.486114815924,31.3579695016176,29.1690788435505,23.3841317602164,27.1855045955502,32.6300081863739,25.3895664999167,25.0619573506944,21.5762901682747,33.3038415269202
21.3930784039639,20.2774222627829,35.0552648828588,23.7684490036222,31.1751829051989,29.9477006741286,NaN,34.9821374188211,NaN,NaN,NaN,NaN,NaN,31.3756087525451,35.303667260255,20.8896136441072,28.3433239046569,22.9507916624666,34.0355311616902,30.4255294138467,28.5854703178157,26.7105204000462,27.4831478980812,30.7550720405375,22.816688728371
30.0593017565329,30.0846447847327,22.0189827608648,32.9011607997627,21.8541210348925,33.080544692109,NaN,30.331708948615,NaN,NaN,NaN,NaN,NaN,29.9971017589856,20.5009956541755,34.3188796455962,29.3307840476538,35.4478578126419,32.0374341912635,32.9632362368263,25.6085869324939,27.2695664967774,22.0062042126134,21.0619024440647,34.8761122085388
21.3022775073756,28.4235395432725,29.046536345624,23.8528386640575,31.5208241702256,33.9787748537112,NaN,29.1498874537172,NaN,NaN,NaN,NaN,NaN,32.1379859323592,35.9016322914723,31.452702071307,29.4016742855909,27.8896212674592,32.8165046026895,36.0631160881721,26.978015574571,28.8503705882805,31.5257612078113,30.4124239766374,30.3410367927122
31.1142022534154,31.3241697009389,22.0500440257039,31.230368829939,23.0512387350593,35.6793582469343,NaN,29.482371999328,NaN,NaN,NaN,NaN,NaN,29.8516133098269,33.8514942352805,22.5814130193524,30.8397881701907,23.1051277767431,24.2335129493413,29.5127121074328,24.4945452041076,NaN,20.266676677065,20.9166078592894,28.2594039014878
21.2510212526365,25.6253429004392,29.3058011209207,25.3243688920747,32.2120422279665,30.4451609543589,NaN,33.6954212510568,NaN,NaN,NaN,NaN,NaN,32.9292668841648,30.7692393745265,34.00712561931,29.7652055690301,33.0554374372832,32.3952722009512,30.0394829195505,22.3164424488957,NaN,31.2834344374,31.0389773192544,22.7051990162852
28.6450470710461,20.7629589662969,22.5137271934951,30.0004711788214,20.6656463895065,36.3278441378053,NaN,35.2815371335203,NaN,NaN,NaN,NaN,NaN,30.6618314051284,31.5465813268983,33.4189267360748,27.3485150988495,23.1392990977713,23.391754834325,30.3285332060207,26.2309707140324,NaN,32.7586188144286,31.5047735430675,34.2445535167286
20.9105267290103,31.2532352464663,29.8598252670113,24.4550032604055,32.5266328427746,33.0950773512457,NaN,28.0373839742159,NaN,NaN,NaN,NaN,NaN,30.185541899136,32.4210621760123,36.3027352151781,27.5010785779667,34.5283637068184,34.1654452259455,28.4511049005625,23.5310923531155,NaN,24.6303154870408,20.3902987768726,30.963567273553
30.8813591956771,20.6124470514482,21.5463723743722,33.4001282050585,22.6564060123759,32.6599662933602,NaN,32.326781744499,NaN,NaN,NaN,NaN,NaN,29.4634203649988,33.7169775728383,21.5136946980327,21.2032031285355,21.0670769071138,22.7536868469229,30.9480956555812,24.8800256867042,NaN,33.3438832663493,28.1046696050519,31.0834339565857
30.3380283073742,28.009209312976,28.4998137122296,23.8188279350293,31.9897545757004,NaN,NaN,27.5207571757098,NaN,NaN,NaN,NaN,NaN,32.0139953204108,30.9899196424998,33.3554186294342,30.0761210749204,34.1991793551547,32.9834108427613,29.0212892246752,22.8759147572103,NaN,25.7901825444928,22.5559116370596,25.2313679721981
32.1506750007744,21.6548847750593,22.62155561936,29.7556731679038,22.2318911749125,NaN,NaN,30.0883437497642,NaN,NaN,NaN,NaN,NaN,27.8422177406149,31.0338019649058,24.3921088991764,21.55622144826,22.3285000093977,29.3205664391058,23.70160927382,27.5147719277756,NaN,32.0333870293067,28.6049624076848,31.0045487751336
23.2146880230548,30.1125202235715,29.9429068217197,23.9683678506546,30.96022364547,NaN,NaN,26.5170861476425,NaN,NaN,NaN,NaN,NaN,27.9419486511516,32.5691331300001,34.1344720065409,31.7315526016703,36.3206778860395,23.4727967420515,29.6156495118927,23.370028481941,NaN,30.4129681761785,30.8845061065091,33.6520884411522
29.2785446926476,20.3850175223184,22.370498549231,34.8735706980865,23.789243945421,NaN,NaN,NaN,NaN,NaN,NaN,NaN,NaN,NaN,20.0869634382658,32.7106991338121,28.6674946710891,22.4571242742391,31.8614037135787,22.5113675975301,28.8084731121526,NaN,20.2629493799145,21.6163172355176,33.9775106632186
22.8979590105125,33.158455482182,28.8380754211304,24.5070205866487,36.2590371852983,NaN,NaN,NaN,NaN,NaN,NaN,NaN,NaN,NaN,33.0815764695198,24.2802682400504,27.255804385496,29.3830571106463,22.2074501657344,31.8865797716334,24.6549958929221,NaN,27.7007775554423,28.1604666380649,30.8892825470085
33.1640683373914,20.4045282790798,21.5645380039914,30.9794204900281,23.580925467545,NaN,NaN,NaN,NaN,NaN,NaN,NaN,NaN,NaN,28.1178366158252,34.7143338090203,30.2756189677516,22.3478423778279,30.751880982859,36.9997590900251,35.2752914236293,NaN,23.5893011108733,20.6139645429272,29.0299183969482
22.5627545687771,27.8741535210531,31.0152210289651,24.336189605983,32.6124962038891,NaN,NaN,NaN,NaN,NaN,NaN,NaN,NaN,NaN,28.7099260916919,23.2895656846246,NaN,36.1882109335668,30.5243970213816,20.8314214381626,24.5601995246962,NaN,30.647078336335,27.157446375432,21.4553444050932
31.9960712648673,20.0504076215631,21.5351358746176,31.2761394921628,22.911389351506,NaN,NaN,NaN,NaN,NaN,NaN,NaN,NaN,NaN,32.3177072987524,31.2490778025523,NaN,22.8048997140944,22.3598749855954,31.9092970970562,28.8788292889192,NaN,21.1284929697293,20.5925280519289,29.7903419763415
21.4253777327111,30.246717408737,28.9816374370051,24.6520048858947,31.2552891329419,NaN,NaN,NaN,NaN,NaN,NaN,NaN,NaN,NaN,28.5809307170758,32.1362076767715,NaN,32.9002912853898,33.2621155569388,30.2432780716032,26.9405317699064,NaN,31.7131008911537,28.7684214609328,34.7041968352158
29.5353200080436,30.6047588980521,20.5257097857662,30.5437732204438,23.3897308988276,NaN,NaN,NaN,NaN,NaN,NaN,NaN,NaN,NaN,30.7430924434159,34.6504176247869,NaN,24.8185599221854,23.3275541719356,33.3224215045119,27.3859315515839,NaN,31.1421017735352,23.4913057058918,20.2960866463734
20.9260658741655,20.3816087525309,30.8065633323341,24.024712058243,31.0124449006074,NaN,NaN,NaN,NaN,NaN,NaN,NaN,NaN,NaN,32.9802940058904,32.60886865481,NaN,31.7313171088952,33.9585430694549,31.1556435085451,23.5080363279633,NaN,20.5796819050372,30.351683938549,29.6137037732374
31.0662687869403,30.0971155304119,22.8427404907508,32.2413016795594,22.7407682279218,NaN,NaN,NaN,NaN,NaN,NaN,NaN,NaN,NaN,29.6112836734083,33.3020583388319,NaN,22.4353648157772,23.1804612548718,20.2526689244937,29.0302456733169,NaN,34.5225379439991,20.6432415847889,30.3912521816004
21.8456406838018,21.7793845039355,29.7824579600312,24.57463691509,36.3323296059509,NaN,NaN,NaN,NaN,NaN,NaN,NaN,NaN,NaN,35.2684228709975,22.0069267589992,NaN,34.6696991618467,33.6910861681521,29.1890992701983,30.40312907571,NaN,26.2450701480588,24.7854273062314,29.8341991987972
31.3206625552865,28.990526177406,28.1311409827882,30.5437657974489,20.5336263269624,NaN,NaN,NaN,NaN,NaN,NaN,NaN,NaN,NaN,31.0340108322174,31.9838395277776,NaN,22.4030453878432,23.8742068042094,29.7859333714956,28.6294320954529,NaN,28.6381180579505,20.7019255911477,30.8481968527463
21.3225784557202,21.7683480927643,21.9107105024787,24.7463170087671,33.980568017975,NaN,NaN,NaN,NaN,NaN,NaN,NaN,NaN,NaN,28.7761353296268,32.1517934153981,NaN,36.2479633232458,30.8740447004078,20.3488613030218,28.7556728501866,NaN,24.3418287138434,32.4760738576273,30.6874924956016
29.6122083850755,29.8108396423266,32.4459201252238,30.9581389226025,24.0513347494355,NaN,NaN,NaN,NaN,NaN,NaN,NaN,NaN,NaN,29.2697936429838,32.8054488018743,NaN,22.8838356580943,23.0102660906053,33.5603197235396,31.8206456766554,NaN,21.4551588862379,22.8662076256698,34.6415049585521
22.2543003187746,20.5183685735395,22.5087306420111,25.8071956726506,32.0833607195105,NaN,NaN,NaN,NaN,NaN,NaN,NaN,NaN,NaN,29.825671027909,31.7104289023064,NaN,32.630360089348,33.8345324513812,30.4390330861534,27.0389625038769,NaN,34.7495049329842,24.5315752145581,29.327356497883
28.9821791673835,28.6352550732767,31.9299699741304,35.0021920706443,21.9318402587979,NaN,NaN,NaN,NaN,NaN,NaN,NaN,NaN,NaN,28.5887327907754,22.6138791214623,NaN,22.1004255749209,23.3148615850926,35.5819581758315,28.9588715731511,NaN,20.5623285188709,22.9054943609035,28.3406115550841
22.9836756860787,29.451584428926,29.9334317455133,26.2366497424647,31.4320589676825,NaN,NaN,NaN,NaN,NaN,NaN,NaN,NaN,NaN,21.2419579329655,32.5526863138351,NaN,32.837274643523,37.3057931922817,31.3887557160252,25.1548883442773,NaN,23.8794860986771,28.7261275639891,29.5281625389197
28.0885061114675,20.5481079503593,21.4432409273084,33.1039044985394,24.505150828159,NaN,NaN,NaN,NaN,NaN,NaN,NaN,NaN,NaN,NaN,22.0037868569841,NaN,23.6949926852867,31.8769202420334,28.9108675643421,32.6056983375452,NaN,26.5947000163635,21.5738460855962,29.2163433495741
20.9723867130617,29.3144449303531,30.7166214512841,26.0692844995462,30.0990746651974,NaN,NaN,NaN,NaN,NaN,NaN,NaN,NaN,NaN,NaN,33.9366409460042,NaN,37.8782103201359,21.0958652860223,32.2911998969801,33.3103936278164,NaN,21.0764212744556,33.0997904559283,34.4464245427963
32.0072818399196,20.619958405705,21.8867889318635,31.2632363094878,26.2098798757813,NaN,NaN,NaN,NaN,NaN,NaN,NaN,NaN,NaN,NaN,31.6141662059418,NaN,23.3990160922828,33.3982757995766,30.7377880001923,30.9621260306585,NaN,33.0588782327931,21.1807044387353,25.7687719729801
22.0801207530472,30.2914910739062,28.8643819862438,23.2298858652867,35.5825413896569,NaN,NaN,NaN,NaN,NaN,NaN,NaN,NaN,NaN,NaN,21.8713845033847,NaN,31.5126577025514,20.89030237505,34.2369365039455,33.3179633899733,NaN,21.6064640853585,30.1916113687704,25.7320515150374
31.3544198499747,21.5590613904022,31.8572883111313,32.9280131736109,27.1249970720615,NaN,NaN,NaN,NaN,NaN,NaN,NaN,NaN,NaN,NaN,32.4105192379748,NaN,20.7019960816749,32.6518492766684,21.0090893968794,30.6469187288467,NaN,28.6568288440002,21.1954325211104,27.705535945928
21.6649442378016,27.5734264007346,20.2617811310763,20.8147957534015,29.4217640332808,NaN,NaN,NaN,NaN,NaN,NaN,NaN,NaN,NaN,NaN,22.7774563362147,NaN,41.5081310406305,30.8247301135525,33.4056265086964,NaN,NaN,26.0352111336635,29.1029331636123,26.0063326535647
31.8009777595832,20.862037260962,29.8397161167916,35.6753588878828,25.9407239768931,NaN,NaN,NaN,NaN,NaN,NaN,NaN,NaN,NaN,NaN,33.0461935608931,NaN,42.0072860593887,20.4813930574917,35.0889454855587,NaN,NaN,20.778959613129,21.3848486984887,20.8762285717326
21.8438811222316,28.3129494194179,24.5603974832922,23.1996940458406,31.7694810477544,NaN,NaN,NaN,NaN,NaN,NaN,NaN,NaN,NaN,NaN,30.5388315731344,NaN,33.9315758986402,28.7479169658542,34.0944471782724,NaN,NaN,25.8530712193885,35.1767565451772,34.5693534211976
28.9696547731117,27.2727701726671,32.4287075482981,34.7019064916405,21.2554376826954,NaN,NaN,NaN,NaN,NaN,NaN,NaN,NaN,NaN,NaN,30.789757299721,NaN,22.5661921796263,29.1609630837873,20.8385903135025,NaN,NaN,27.2223349626734,21.982602836202,24.192759052122
22.5739956759457,21.4802384868278,24.7885350903298,21.7449699649219,34.4111595623313,NaN,NaN,NaN,NaN,NaN,NaN,NaN,NaN,NaN,NaN,30.627049344867,NaN,42.5714848846258,26.6968628889107,29.7671481533889,NaN,NaN,26.7407532536881,30.0019236124279,NaN
28.3277747079098,29.9847981515434,30.3149783147432,34.5177745945953,28.3855010825756,NaN,NaN,NaN,NaN,NaN,NaN,NaN,NaN,NaN,NaN,20.5542798272017,NaN,23.2983091511252,23.9744225874001,23.4315385390019,NaN,NaN,20.9633560183914,23.328982938834,NaN
22.1311562213123,21.5335095082887,24.2028677133922,22.3095777064313,23.7068766196367,NaN,NaN,NaN,NaN,NaN,NaN,NaN,NaN,NaN,NaN,31.6932752572703,NaN,33.7427077775342,30.5880362000073,36.7363377512922,NaN,NaN,27.751358776285,22.1893259679647,NaN
29.1475187764521,28.4636864923307,29.0526796675191,34.7994512672267,30.0913543155646,NaN,NaN,NaN,NaN,NaN,NaN,NaN,NaN,NaN,NaN,31.1531068176331,NaN,21.6809261331657,28.5634882508071,31.7158426999616,NaN,NaN,23.2347438445832,31.2442849324136,NaN
22.4408888475333,21.3993832037145,23.5481515938675,23.8084435025994,21.2943445150314,NaN,NaN,NaN,NaN,NaN,NaN,NaN,NaN,NaN,NaN,27.9923702043966,NaN,33.4476186631916,28.0588986552893,30.700333186238,NaN,NaN,25.7086473471066,22.1978503948215,NaN
30.312224743795,28.6561484780339,31.7725119831318,31.7477227473148,31.8989156204287,NaN,NaN,NaN,NaN,NaN,NaN,NaN,NaN,NaN,NaN,20.0451682783076,NaN,23.7445319967945,22.4760707385356,32.9906283146527,NaN,NaN,21.6826586559907,35.3753126357043,NaN
21.7828513722988,21.4168540379666,24.1761970005852,23.4425373102906,21.5381497465225,NaN,NaN,NaN,NaN,NaN,NaN,NaN,NaN,NaN,NaN,32.9057755094855,NaN,35.3173587523398,29.0545938729503,23.7198670764675,NaN,NaN,27.9858879839037,24.0360953905942,NaN
29.6626572553388,28.5435190128034,30.8703732097383,29.4333024777248,35.4252901954322,NaN,NaN,NaN,NaN,NaN,NaN,NaN,NaN,NaN,NaN,23.2856098311734,NaN,28.618011895136,24.5793479410252,27.6518602202216,NaN,NaN,23.0640024950551,31.9225348531827,NaN
22.5691285333137,21.0077958221357,22.423339792867,24.4061224153026,21.2145619829376,NaN,NaN,NaN,NaN,NaN,NaN,NaN,NaN,NaN,NaN,32.5063760349112,NaN,32.0398153931263,28.4966412697355,26.1407975970225,NaN,NaN,28.6105786884002,32.3948515837833,NaN
32.4120242164486,28.0403445262394,32.5799746510805,31.2068714205468,35.6051105144898,NaN,NaN,NaN,NaN,NaN,NaN,NaN,NaN,NaN,NaN,20.02048458862,NaN,27.7433214036162,25.6406769897229,29.8351348438155,NaN,NaN,22.5366204855694,20.6551725298576,NaN
22.6551424654015,29.9446621518804,22.6214944372185,23.8761336881294,20.4081469292367,NaN,NaN,NaN,NaN,NaN,NaN,NaN,NaN,NaN,NaN,31.9940583008815,NaN,22.8993802078318,NaN,32.73059152584,NaN,NaN,20.5141518923765,33.3285040602987,NaN
29.3404119294246,21.0758914487425,31.1082947465379,30.7994126680632,32.1907575501174,NaN,NaN,NaN,NaN,NaN,NaN,NaN,NaN,NaN,NaN,27.5953154142743,NaN,32.5918426827933,NaN,20.628616940829,NaN,NaN,33.1296521079212,32.683998394372,NaN
20.2494145463034,29.192011609165,22.4934613009283,25.2166406153517,23.1051806124024,NaN,NaN,NaN,NaN,NaN,NaN,NaN,NaN,NaN,NaN,21.9663271547319,NaN,23.9879110834437,NaN,31.4832797017053,NaN,NaN,25.4235765274706,24.5402508016636,NaN
29.3085756334339,21.379548197552,29.4106985538997,32.0977851742232,31.5272363328006,NaN,NaN,NaN,NaN,NaN,NaN,NaN,NaN,NaN,NaN,31.1123749445412,NaN,31.3438038214762,NaN,21.034495601769,NaN,NaN,23.9029520970646,32.0486442238076,NaN
20.420850808916,29.7590900156188,22.4917772011668,24.5973268550272,22.7877946155085,NaN,NaN,NaN,NaN,NaN,NaN,NaN,NaN,NaN,NaN,21.4832477805985,NaN,23.8001126127014,NaN,31.3951044229376,NaN,NaN,27.7312673990383,29.0480840376705,NaN
32.4914130152144,28.4615331304584,34.3279624280635,31.0102413245216,35.0734643809928,NaN,NaN,NaN,NaN,NaN,NaN,NaN,NaN,NaN,NaN,33.9242507558862,NaN,32.6247308093472,NaN,20.4844347022778,NaN,NaN,21.889945466845,23.8261021247845,NaN
21.4000539975955,33.7670231255072,21.9891996558025,24.5571885449428,24.4751733769358,NaN,NaN,NaN,NaN,NaN,NaN,NaN,NaN,NaN,NaN,35.3397227593183,NaN,25.5249697490848,NaN,34.086650620701,NaN,NaN,28.0172452668813,21.4710810847611,NaN
28.7510514873625,20.2425109051876,33.3757939532386,31.5309779444119,30.506741865219,NaN,NaN,NaN,NaN,NaN,NaN,NaN,NaN,NaN,NaN,34.0570750018349,NaN,34.0257221579396,NaN,30.7413230466671,NaN,NaN,32.1625867082373,20.3420972716067,NaN
22.7814021919286,29.7226517040602,22.4870294831614,23.91775722864,25.996738987739,NaN,NaN,NaN,NaN,NaN,NaN,NaN,NaN,NaN,NaN,22.6763655468895,NaN,24.7075870176649,NaN,30.9056494636706,NaN,NaN,22.780544968429,26.4033301235119,NaN
29.51281394459,20.1646545217759,31.9837591563991,30.5684999403104,35.2110471024462,NaN,NaN,NaN,NaN,NaN,NaN,NaN,NaN,NaN,NaN,33.3508938412157,NaN,32.4492246192154,NaN,32.4285341732979,NaN,NaN,27.0675423814053,20.0616535985308,NaN
20.9094687393986,28.1925539563091,22.5130659718763,23.8296804139854,20.0487013445264,NaN,NaN,NaN,NaN,NaN,NaN,NaN,NaN,NaN,NaN,34.1513805347856,NaN,25.4929862813017,NaN,30.2726773444477,NaN,NaN,26.1661662785838,26.7979967452344,NaN
30.0990385088338,21.313758338295,29.7028442279146,31.4539133616727,38.5014936859844,NaN,NaN,NaN,NaN,NaN,NaN,NaN,NaN,NaN,NaN,33.2811818097086,NaN,31.761507336915,NaN,30.3953429785394,NaN,NaN,21.2783053950045,24.8911255545045,NaN
21.2504854057948,28.0710327294798,23.7311558302109,23.459460940385,21.2480326032127,NaN,NaN,NaN,NaN,NaN,NaN,NaN,NaN,NaN,NaN,NaN,NaN,24.1189575562227,NaN,31.6184770314959,NaN,NaN,21.2314574993726,20.8967934371756,NaN
31.8848718284627,23.0232496276048,31.5174498991065,29.9419758078754,36.9782676623686,NaN,NaN,NaN,NaN,NaN,NaN,NaN,NaN,NaN,NaN,NaN,NaN,37.1013298343921,NaN,30.2644510396499,NaN,NaN,26.0682838107526,21.9982588705585,NaN
21.661208644024,30.4626667326349,21.6651030024588,22.89734067755,20.9245176794428,NaN,NaN,NaN,NaN,NaN,NaN,NaN,NaN,NaN,NaN,NaN,NaN,24.0669034020688,NaN,23.7940449416497,NaN,NaN,26.1226433984264,27.0981234927739,NaN
28.1330382529058,21.2395959543785,29.006008766764,30.4964260510407,32.3384010755188,NaN,NaN,NaN,NaN,NaN,NaN,NaN,NaN,NaN,NaN,NaN,NaN,33.8174027523073,NaN,NaN,NaN,NaN,23.8090315318151,23.5218857159063,NaN
21.9772871940453,28.4919439162278,22.714536847204,25.4525080422574,21.0684667811858,NaN,NaN,NaN,NaN,NaN,NaN,NaN,NaN,NaN,NaN,NaN,NaN,26.2203796134971,NaN,NaN,NaN,NaN,22.5691380973399,23.5565436341743,NaN
31.0073770192544,22.1460362489234,29.6717672447325,29.6746249503599,31.5867762887583,NaN,NaN,NaN,NaN,NaN,NaN,NaN,NaN,NaN,NaN,NaN,NaN,36.9278889067393,NaN,NaN,NaN,NaN,20.0645487231074,20.8739064506392,NaN
22.4619945926214,27.8070764734027,22.8062229604063,25.2466644503273,20.8250301050847,NaN,NaN,NaN,NaN,NaN,NaN,NaN,NaN,NaN,NaN,NaN,NaN,31.6617317536506,NaN,NaN,NaN,NaN,31.1077376681541,20.5458047367027,NaN
30.1287895865584,21.4926264598117,28.8614187636317,31.0302342752993,31.4969163382779,NaN,NaN,NaN,NaN,NaN,NaN,NaN,NaN,NaN,NaN,NaN,NaN,24.1575667140829,NaN,NaN,NaN,NaN,22.3072391376305,23.9645940363314,NaN
23.1900794078398,29.7575064864906,23.3162307415975,25.8935307298763,35.250154604641,NaN,NaN,NaN,NaN,NaN,NaN,NaN,NaN,NaN,NaN,NaN,NaN,32.2260715502929,NaN,NaN,NaN,NaN,22.9015538462695,20.0197566608158,NaN
28.0619896432465,20.503006333107,27.3404098143852,31.9199978373425,21.3229544561012,NaN,NaN,NaN,NaN,NaN,NaN,NaN,NaN,NaN,NaN,NaN,NaN,30.8302361906283,NaN,NaN,NaN,NaN,21.5827565495621,25.1337222631577,NaN
23.7361563588164,28.3186706993492,24.3421073002398,25.923167818258,31.4857126212407,NaN,NaN,NaN,NaN,NaN,NaN,NaN,NaN,NaN,NaN,NaN,NaN,24.0592022676168,NaN,NaN,NaN,NaN,23.7341394537309,20.2698271926189,NaN
30.3668129086544,22.2426407317588,29.0054954330064,28.7220072863777,30.222173345229,NaN,NaN,NaN,NaN,NaN,NaN,NaN,NaN,NaN,NaN,NaN,NaN,31.7865057730848,NaN,NaN,NaN,NaN,25.1608942568275,21.9477244027435,NaN
20.4204692578642,30.9899671484088,23.4103199283404,25.8562466647034,31.3142715499773,NaN,NaN,NaN,NaN,NaN,NaN,NaN,NaN,NaN,NaN,NaN,NaN,23.5982835868309,NaN,NaN,NaN,NaN,25.6057400994252,29.0401667684069,NaN
28.6145624244885,27.870098837292,33.6958901414709,30.2173441900313,21.0046935188966,NaN,NaN,NaN,NaN,NaN,NaN,NaN,NaN,NaN,NaN,NaN,NaN,32.2993965511921,NaN,NaN,NaN,NaN,24.2003077869155,29.2260296117796,NaN
21.7257591578332,21.9236135936404,22.046880036816,25.942495135419,30.3162137156562,NaN,NaN,NaN,NaN,NaN,NaN,NaN,NaN,NaN,NaN,NaN,NaN,23.8971732304221,NaN,NaN,NaN,NaN,20.9084648799704,21.3288184860911,NaN
30.4794067880682,29.9471792641389,30.239385919537,31.7760440355434,31.6884511430074,NaN,NaN,NaN,NaN,NaN,NaN,NaN,NaN,NaN,NaN,NaN,NaN,34.6380616832723,NaN,NaN,NaN,NaN,22.410466285797,20.356442982723,NaN
21.9381950481264,20.817931539821,22.0330979967882,26.0058245833829,33.1967741731738,NaN,NaN,NaN,NaN,NaN,NaN,NaN,NaN,NaN,NaN,NaN,NaN,24.0390371251154,NaN,NaN,NaN,NaN,20.7207967341126,29.0692321611326,NaN
30.3128931186604,30.9950445269,30.2205297480859,32.567929997156,20.6906935639905,NaN,NaN,NaN,NaN,NaN,NaN,NaN,NaN,NaN,NaN,NaN,NaN,32.3079485592723,NaN,NaN,NaN,NaN,27.4665609800623,28.0566493365408,NaN
22.0004706745892,32.7092581007952,22.4571224050542,23.9250079741738,39.7047344635759,NaN,NaN,NaN,NaN,NaN,NaN,NaN,NaN,NaN,NaN,NaN,NaN,23.3108227397714,NaN,NaN,NaN,NaN,26.7375810271321,20.0067645570302,NaN
28.6128005694466,20.9541227587197,29.1256609677514,31.5737373196204,21.5477847425008,NaN,NaN,NaN,NaN,NaN,NaN,NaN,NaN,NaN,NaN,NaN,NaN,32.0523157954863,NaN,NaN,NaN,NaN,23.3504160000236,23.0308472687268,NaN
21.7063043937765,28.6685523500011,22.8489129856131,23.5662490480583,31.3181598172333,NaN,NaN,NaN,NaN,NaN,NaN,NaN,NaN,NaN,NaN,NaN,NaN,23.7232924015572,NaN,NaN,NaN,NaN,29.6148014769467,26.3058677872529,NaN
31.1578143911238,21.1510744543067,29.2638477147574,29.4088546179455,20.6031142785946,NaN,NaN,NaN,NaN,NaN,NaN,NaN,NaN,NaN,NaN,NaN,NaN,33.4439567777508,NaN,NaN,NaN,NaN,20.3527818827014,20.0043847442637,NaN
20.4296471949104,27.1785246175848,22.384065961809,24.4245978057207,32.5673675653,NaN,NaN,NaN,NaN,NaN,NaN,NaN,NaN,NaN,NaN,NaN,NaN,22.7616584663087,NaN,NaN,NaN,NaN,24.4830983504477,26.5236679240845,NaN
29.4178708509537,21.9393529896048,31.6590389674438,31.0929598349518,31.2263651111353,NaN,NaN,NaN,NaN,NaN,NaN,NaN,NaN,NaN,NaN,NaN,NaN,31.7985526974409,NaN,NaN,NaN,NaN,21.5541276429568,24.3835929114843,NaN
28.5557091582207,28.5411777344714,22.7505739540962,22.8180270001286,20.9507706310519,NaN,NaN,NaN,NaN,NaN,NaN,NaN,NaN,NaN,NaN,NaN,NaN,23.3499045278932,NaN,NaN,NaN,NaN,22.2227892232273,34.1907452993531,NaN
20.3342068862042,22.1815809961755,29.8712244886258,30.4536377864604,32.5238467584221,NaN,NaN,NaN,NaN,NaN,NaN,NaN,NaN,NaN,NaN,NaN,NaN,32.9212195334837,NaN,NaN,NaN,NaN,NaN,28.1478202499775,NaN
29.098477538069,31.8170876928653,22.5364668814018,22.7238090440152,23.722285707217,NaN,NaN,NaN,NaN,NaN,NaN,NaN,NaN,NaN,NaN,NaN,NaN,22.3881406879765,NaN,NaN,NaN,NaN,NaN,32.0616069543254,NaN
21.9300308908166,20.9789479461535,29.1716897406361,30.2012535448899,30.0931802637677,NaN,NaN,NaN,NaN,NaN,NaN,NaN,NaN,NaN,NaN,NaN,NaN,33.8759528635158,NaN,NaN,NaN,NaN,NaN,30.1268151761756,NaN
32.3885007534378,29.0244022593296,22.7484498692126,22.5401874996691,21.4848033485398,NaN,NaN,NaN,NaN,NaN,NaN,NaN,NaN,NaN,NaN,NaN,NaN,28.7985542257795,NaN,NaN,NaN,NaN,NaN,25.2273980662232,NaN
22.0565772573832,28.4488252355463,30.4020538671162,30.5636825172432,28.4410320182897,NaN,NaN,NaN,NaN,NaN,NaN,NaN,NaN,NaN,NaN,NaN,NaN,23.6361873084782,NaN,NaN,NaN,NaN,NaN,26.8046383055233,NaN
31.8950617263695,21.201188858906,23.4182312762424,21.6371245780957,20.8175553319793,NaN,NaN,NaN,NaN,NaN,NaN,NaN,NaN,NaN,NaN,NaN,NaN,33.4342958292054,NaN,NaN,NaN,NaN,NaN,22.3986543157032,NaN
22.7437547576536,28.5890738071426,30.307141833889,30.8603273498062,32.0077689574918,NaN,NaN,NaN,NaN,NaN,NaN,NaN,NaN,NaN,NaN,NaN,NaN,22.9604894519279,NaN,NaN,NaN,NaN,NaN,29.3488599916279,NaN
30.6409698310663,29.0933849453836,22.3037533941739,23.1223400389807,21.9974585686365,NaN,NaN,NaN,NaN,NaN,NaN,NaN,NaN,NaN,NaN,NaN,NaN,34.4993500600119,NaN,NaN,NaN,NaN,NaN,23.3957632270319,NaN
22.8735274280604,28.8611688068421,27.7095941043906,31.5203802541683,32.0435514292609,NaN,NaN,NaN,NaN,NaN,NaN,NaN,NaN,NaN,NaN,NaN,NaN,23.7998553195162,NaN,NaN,NaN,NaN,NaN,29.5438367797878,NaN
29.5710871192908,20.0067060154324,24.1518711219339,23.8101152376294,21.9431705039136,NaN,NaN,NaN,NaN,NaN,NaN,NaN,NaN,NaN,NaN,NaN,NaN,34.0911128097208,NaN,NaN,NaN,NaN,NaN,29.5449203422276,NaN
22.8915878150296,28.2529868123646,31.2753912898708,31.7416255775146,29.2332518305703,NaN,NaN,NaN,NaN,NaN,NaN,NaN,NaN,NaN,NaN,NaN,NaN,28.867249200474,NaN,NaN,NaN,NaN,NaN,21.8273320685549,NaN
31.8863787835043,20.2960537434348,24.9727012328726,24.0683891102863,21.0732233749512,NaN,NaN,NaN,NaN,NaN,NaN,NaN,NaN,NaN,NaN,NaN,NaN,29.4701395410396,NaN,NaN,NaN,NaN,NaN,28.7179022117357,NaN
22.3858655923579,29.2314518109416,28.6269835021455,30.4400005148286,31.6486483965189,NaN,NaN,NaN,NaN,NaN,NaN,NaN,NaN,NaN,NaN,NaN,NaN,29.2611474081396,NaN,NaN,NaN,NaN,NaN,20.3255287881248,NaN
31.9355597601588,21.1168453823554,24.2684006723157,24.3392642801167,23.7756846619652,NaN,NaN,NaN,NaN,NaN,NaN,NaN,NaN,NaN,NaN,NaN,NaN,32.8512139553158,NaN,NaN,NaN,NaN,NaN,NaN,NaN
21.0152801738536,28.859598378927,34.8261040696245,29.5744362482058,33.5602922164933,NaN,NaN,NaN,NaN,NaN,NaN,NaN,NaN,NaN,NaN,NaN,NaN,29.8528069647784,NaN,NaN,NaN,NaN,NaN,NaN,NaN
27.9478184952673,21.3278903943676,23.277694676535,24.9608431243353,20.1882092835574,NaN,NaN,NaN,NaN,NaN,NaN,NaN,NaN,NaN,NaN,NaN,NaN,30.178418271298,NaN,NaN,NaN,NaN,NaN,NaN,NaN
21.524535418786,31.7359841094053,31.8128061619194,34.5895574473668,32.0266669122736,NaN,NaN,NaN,NaN,NaN,NaN,NaN,NaN,NaN,NaN,NaN,NaN,22.2959742324016,NaN,NaN,NaN,NaN,NaN,NaN,NaN
30.3388673017433,21.5891407878113,21.4589310544243,24.5086194118116,23.4242134193568,NaN,NaN,NaN,NaN,NaN,NaN,NaN,NaN,NaN,NaN,NaN,NaN,32.082543976342,NaN,NaN,NaN,NaN,NaN,NaN,NaN
20.8660748673764,28.6984207725341,28.9581500964265,33.9021335042469,33.3934503486804,NaN,NaN,NaN,NaN,NaN,NaN,NaN,NaN,NaN,NaN,NaN,NaN,33.5566021730017,NaN,NaN,NaN,NaN,NaN,NaN,NaN
29.9885844701305,21.1163205729171,31.5130060582379,25.3365830078462,22.2905828806027,NaN,NaN,NaN,NaN,NaN,NaN,NaN,NaN,NaN,NaN,NaN,NaN,30.7638105819535,NaN,NaN,NaN,NaN,NaN,NaN,NaN
20.2100140348158,33.0722051558037,22.0868305086709,34.6135163971652,33.8947382316738,NaN,NaN,NaN,NaN,NaN,NaN,NaN,NaN,NaN,NaN,NaN,NaN,20.1409281444932,NaN,NaN,NaN,NaN,NaN,NaN,NaN
29.4683795856205,20.9757185489066,30.0451789944584,24.5422653947264,23.8246857305166,NaN,NaN,NaN,NaN,NaN,NaN,NaN,NaN,NaN,NaN,NaN,NaN,29.8723193773399,NaN,NaN,NaN,NaN,NaN,NaN,NaN
21.4990575917021,31.7280257263341,21.9551182759335,31.4512677310517,33.8244332000705,NaN,NaN,NaN,NaN,NaN,NaN,NaN,NaN,NaN,NaN,NaN,NaN,32.9114885862516,NaN,NaN,NaN,NaN,NaN,NaN,NaN
28.8840945904709,33.2211227530749,32.1477101889335,25.1918304679452,25.1685864193945,NaN,NaN,NaN,NaN,NaN,NaN,NaN,NaN,NaN,NaN,NaN,NaN,21.9529934245058,NaN,NaN,NaN,NaN,NaN,NaN,NaN
20.9415597014898,NaN,23.6303886668703,32.0338205694853,30.0754639336781,NaN,NaN,NaN,NaN,NaN,NaN,NaN,NaN,NaN,NaN,NaN,NaN,33.4645109533747,NaN,NaN,NaN,NaN,NaN,NaN,NaN
30.7014145953833,NaN,29.3249906093593,23.5217090562451,24.4348560120085,NaN,NaN,NaN,NaN,NaN,NaN,NaN,NaN,NaN,NaN,NaN,NaN,21.5049638587992,NaN,NaN,NaN,NaN,NaN,NaN,NaN
22.1320445169575,NaN,23.9769584670851,33.3074742513037,35.3101745416995,NaN,NaN,NaN,NaN,NaN,NaN,NaN,NaN,NaN,NaN,NaN,NaN,31.0427401296232,NaN,NaN,NaN,NaN,NaN,NaN,NaN
29.168436728843,NaN,31.3131032176112,23.8254969286549,22.8683834404598,NaN,NaN,NaN,NaN,NaN,NaN,NaN,NaN,NaN,NaN,NaN,NaN,31.4084508905499,NaN,NaN,NaN,NaN,NaN,NaN,NaN
23.5807811595958,NaN,22.584247628093,30.4626836060485,35.7533284146866,NaN,NaN,NaN,NaN,NaN,NaN,NaN,NaN,NaN,NaN,NaN,NaN,29.3775097277808,NaN,NaN,NaN,NaN,NaN,NaN,NaN
30.4301763218035,NaN,28.0243887407955,24.0166557810714,20.5348627384508,NaN,NaN,NaN,NaN,NaN,NaN,NaN,NaN,NaN,NaN,NaN,NaN,21.9686048639096,NaN,NaN,NaN,NaN,NaN,NaN,NaN
23.3319182685309,NaN,24.4532990240913,33.9960375621941,31.4082644075058,NaN,NaN,NaN,NaN,NaN,NaN,NaN,NaN,NaN,NaN,NaN,NaN,32.629826742464,NaN,NaN,NaN,NaN,NaN,NaN,NaN
29.8352386275051,NaN,29.1521558180864,23.2048523296681,33.5496777371438,NaN,NaN,NaN,NaN,NaN,NaN,NaN,NaN,NaN,NaN,NaN,NaN,30.472276418858,NaN,NaN,NaN,NaN,NaN,NaN,NaN
22.0020959071519,NaN,23.9644952041218,35.2862834556109,20.0431647282658,NaN,NaN,NaN,NaN,NaN,NaN,NaN,NaN,NaN,NaN,NaN,NaN,30.7159777911316,NaN,NaN,NaN,NaN,NaN,NaN,NaN
32.1238551217655,NaN,30.1202010219091,28.3724031303385,31.2909261580194,NaN,NaN,NaN,NaN,NaN,NaN,NaN,NaN,NaN,NaN,NaN,NaN,26.2309385085273,NaN,NaN,NaN,NaN,NaN,NaN,NaN
31.4597624171709,NaN,22.6205410348274,24.9860371560441,21.4625764768787,NaN,NaN,NaN,NaN,NaN,NaN,NaN,NaN,NaN,NaN,NaN,NaN,27.7539207517911,NaN,NaN,NaN,NaN,NaN,NaN,NaN
22.2887804900861,NaN,27.9151169907017,32.3483733513065,30.1164410957429,NaN,NaN,NaN,NaN,NaN,NaN,NaN,NaN,NaN,NaN,NaN,NaN,24.2459800500922,NaN,NaN,NaN,NaN,NaN,NaN,NaN
30.249474426519,NaN,23.1833634023159,23.2152386201056,NaN,NaN,NaN,NaN,NaN,NaN,NaN,NaN,NaN,NaN,NaN,NaN,NaN,NaN,NaN,NaN,NaN,NaN,NaN,NaN,NaN
20.4620789600871,NaN,28.9508897130075,34.8696609022152,NaN,NaN,NaN,NaN,NaN,NaN,NaN,NaN,NaN,NaN,NaN,NaN,NaN,NaN,NaN,NaN,NaN,NaN,NaN,NaN,NaN
29.253599977059,NaN,22.6681343220825,25.0398323263436,NaN,NaN,NaN,NaN,NaN,NaN,NaN,NaN,NaN,NaN,NaN,NaN,NaN,NaN,NaN,NaN,NaN,NaN,NaN,NaN,NaN
22.0934987753763,NaN,31.5103291727692,33.1024442680351,NaN,NaN,NaN,NaN,NaN,NaN,NaN,NaN,NaN,NaN,NaN,NaN,NaN,NaN,NaN,NaN,NaN,NaN,NaN,NaN,NaN
29.9216090354179,NaN,21.6378794119868,24.8940384736216,NaN,NaN,NaN,NaN,NaN,NaN,NaN,NaN,NaN,NaN,NaN,NaN,NaN,NaN,NaN,NaN,NaN,NaN,NaN,NaN,NaN
23.1560514758402,NaN,30.0821758499169,31.13864780762,NaN,NaN,NaN,NaN,NaN,NaN,NaN,NaN,NaN,NaN,NaN,NaN,NaN,NaN,NaN,NaN,NaN,NaN,NaN,NaN,NaN
31.9614255173399,NaN,21.2398173892284,23.2635687925556,NaN,NaN,NaN,NaN,NaN,NaN,NaN,NaN,NaN,NaN,NaN,NaN,NaN,NaN,NaN,NaN,NaN,NaN,NaN,NaN,NaN
22.1414138177921,NaN,29.5155040708458,30.5314043364449,NaN,NaN,NaN,NaN,NaN,NaN,NaN,NaN,NaN,NaN,NaN,NaN,NaN,NaN,NaN,NaN,NaN,NaN,NaN,NaN,NaN
29.9949613929753,NaN,21.8881070195517,23.1747703942398,NaN,NaN,NaN,NaN,NaN,NaN,NaN,NaN,NaN,NaN,NaN,NaN,NaN,NaN,NaN,NaN,NaN,NaN,NaN,NaN,NaN
21.7334805029156,NaN,32.6578264829816,29.4113403255986,NaN,NaN,NaN,NaN,NaN,NaN,NaN,NaN,NaN,NaN,NaN,NaN,NaN,NaN,NaN,NaN,NaN,NaN,NaN,NaN,NaN
29.4154822842498,NaN,22.4017903071886,24.0715435714973,NaN,NaN,NaN,NaN,NaN,NaN,NaN,NaN,NaN,NaN,NaN,NaN,NaN,NaN,NaN,NaN,NaN,NaN,NaN,NaN,NaN
22.7027654628612,NaN,29.7347750585208,34.0701956726611,NaN,NaN,NaN,NaN,NaN,NaN,NaN,NaN,NaN,NaN,NaN,NaN,NaN,NaN,NaN,NaN,NaN,NaN,NaN,NaN,NaN
30.1637534005759,NaN,23.1647905720102,23.6510197636149,NaN,NaN,NaN,NaN,NaN,NaN,NaN,NaN,NaN,NaN,NaN,NaN,NaN,NaN,NaN,NaN,NaN,NaN,NaN,NaN,NaN
21.5846072648513,NaN,35.000059107903,32.79431850047,NaN,NaN,NaN,NaN,NaN,NaN,NaN,NaN,NaN,NaN,NaN,NaN,NaN,NaN,NaN,NaN,NaN,NaN,NaN,NaN,NaN
30.2010946542545,NaN,22.4866752994449,23.7000458087542,NaN,NaN,NaN,NaN,NaN,NaN,NaN,NaN,NaN,NaN,NaN,NaN,NaN,NaN,NaN,NaN,NaN,NaN,NaN,NaN,NaN
21.1691018266877,NaN,27.9832187768016,29.7608110461574,NaN,NaN,NaN,NaN,NaN,NaN,NaN,NaN,NaN,NaN,NaN,NaN,NaN,NaN,NaN,NaN,NaN,NaN,NaN,NaN,NaN
30.4586911481272,NaN,23.6227995832345,23.6113004146241,NaN,NaN,NaN,NaN,NaN,NaN,NaN,NaN,NaN,NaN,NaN,NaN,NaN,NaN,NaN,NaN,NaN,NaN,NaN,NaN,NaN
21.8815894443256,NaN,30.9291644966997,29.6158752927497,NaN,NaN,NaN,NaN,NaN,NaN,NaN,NaN,NaN,NaN,NaN,NaN,NaN,NaN,NaN,NaN,NaN,NaN,NaN,NaN,NaN
29.526163640893,NaN,21.976805193073,24.3399985768351,NaN,NaN,NaN,NaN,NaN,NaN,NaN,NaN,NaN,NaN,NaN,NaN,NaN,NaN,NaN,NaN,NaN,NaN,NaN,NaN,NaN
22.7420535770756,NaN,29.3848894056306,28.8387410617603,NaN,NaN,NaN,NaN,NaN,NaN,NaN,NaN,NaN,NaN,NaN,NaN,NaN,NaN,NaN,NaN,NaN,NaN,NaN,NaN,NaN
30.9508048070461,NaN,23.1073329134029,23.7018844315937,NaN,NaN,NaN,NaN,NaN,NaN,NaN,NaN,NaN,NaN,NaN,NaN,NaN,NaN,NaN,NaN,NaN,NaN,NaN,NaN,NaN
21.8347864375369,NaN,30.7881341141869,29.1919510773604,NaN,NaN,NaN,NaN,NaN,NaN,NaN,NaN,NaN,NaN,NaN,NaN,NaN,NaN,NaN,NaN,NaN,NaN,NaN,NaN,NaN
33.1465672465232,NaN,22.1322556208349,25.773294586092,NaN,NaN,NaN,NaN,NaN,NaN,NaN,NaN,NaN,NaN,NaN,NaN,NaN,NaN,NaN,NaN,NaN,NaN,NaN,NaN,NaN
22.3971333841332,NaN,28.4194342808709,31.1305350845022,NaN,NaN,NaN,NaN,NaN,NaN,NaN,NaN,NaN,NaN,NaN,NaN,NaN,NaN,NaN,NaN,NaN,NaN,NaN,NaN,NaN
30.0728674310605,NaN,22.4634174095956,26.4678586230732,NaN,NaN,NaN,NaN,NaN,NaN,NaN,NaN,NaN,NaN,NaN,NaN,NaN,NaN,NaN,NaN,NaN,NaN,NaN,NaN,NaN
24.3543782703655,NaN,28.3250782700353,35.0494479224624,NaN,NaN,NaN,NaN,NaN,NaN,NaN,NaN,NaN,NaN,NaN,NaN,NaN,NaN,NaN,NaN,NaN,NaN,NaN,NaN,NaN
31.2619638165397,NaN,22.807399621602,26.3864448124915,NaN,NaN,NaN,NaN,NaN,NaN,NaN,NaN,NaN,NaN,NaN,NaN,NaN,NaN,NaN,NaN,NaN,NaN,NaN,NaN,NaN
23.5477409678872,NaN,32.1450134155991,30.5087371183462,NaN,NaN,NaN,NaN,NaN,NaN,NaN,NaN,NaN,NaN,NaN,NaN,NaN,NaN,NaN,NaN,NaN,NaN,NaN,NaN,NaN
31.2652390473107,NaN,28.8205031644995,26.2541945654015,NaN,NaN,NaN,NaN,NaN,NaN,NaN,NaN,NaN,NaN,NaN,NaN,NaN,NaN,NaN,NaN,NaN,NaN,NaN,NaN,NaN
21.2305703149589,NaN,NaN,33.0055740402489,NaN,NaN,NaN,NaN,NaN,NaN,NaN,NaN,NaN,NaN,NaN,NaN,NaN,NaN,NaN,NaN,NaN,NaN,NaN,NaN,NaN
30.6017655923915,NaN,NaN,23.9528455156601,NaN,NaN,NaN,NaN,NaN,NaN,NaN,NaN,NaN,NaN,NaN,NaN,NaN,NaN,NaN,NaN,NaN,NaN,NaN,NaN,NaN
36.6650825454385,NaN,NaN,31.7951812102581,NaN,NaN,NaN,NaN,NaN,NaN,NaN,NaN,NaN,NaN,NaN,NaN,NaN,NaN,NaN,NaN,NaN,NaN,NaN,NaN,NaN
NaN,NaN,NaN,23.2828531701336,NaN,NaN,NaN,NaN,NaN,NaN,NaN,NaN,NaN,NaN,NaN,NaN,NaN,NaN,NaN,NaN,NaN,NaN,NaN,NaN,NaN
NaN,NaN,NaN,30.1682901291552,NaN,NaN,NaN,NaN,NaN,NaN,NaN,NaN,NaN,NaN,NaN,NaN,NaN,NaN,NaN,NaN,NaN,NaN,NaN,NaN,NaN
NaN,NaN,NaN,22.5766218195057,NaN,NaN,NaN,NaN,NaN,NaN,NaN,NaN,NaN,NaN,NaN,NaN,NaN,NaN,NaN,NaN,NaN,NaN,NaN,NaN,NaN
NaN,NaN,NaN,35.5329847381005,NaN,NaN,NaN,NaN,NaN,NaN,NaN,NaN,NaN,NaN,NaN,NaN,NaN,NaN,NaN,NaN,NaN,NaN,NaN,NaN,NaN
NaN,NaN,NaN,22.8601372867355,NaN,NaN,NaN,NaN,NaN,NaN,NaN,NaN,NaN,NaN,NaN,NaN,NaN,NaN,NaN,NaN,NaN,NaN,NaN,NaN,NaN
NaN,NaN,NaN,34.5897038095147,NaN,NaN,NaN,NaN,NaN,NaN,NaN,NaN,NaN,NaN,NaN,NaN,NaN,NaN,NaN,NaN,NaN,NaN,NaN,NaN,NaN
NaN,NaN,NaN,22.5623084372706,NaN,NaN,NaN,NaN,NaN,NaN,NaN,NaN,NaN,NaN,NaN,NaN,NaN,NaN,NaN,NaN,NaN,NaN,NaN,NaN,NaN
NaN,NaN,NaN,32.6540330378134,NaN,NaN,NaN,NaN,NaN,NaN,NaN,NaN,NaN,NaN,NaN,NaN,NaN,NaN,NaN,NaN,NaN,NaN,NaN,NaN,NaN
NaN,NaN,NaN,22.8282290006785,NaN,NaN,NaN,NaN,NaN,NaN,NaN,NaN,NaN,NaN,NaN,NaN,NaN,NaN,NaN,NaN,NaN,NaN,NaN,NaN,NaN
NaN,NaN,NaN,32.1991942951014,NaN,NaN,NaN,NaN,NaN,NaN,NaN,NaN,NaN,NaN,NaN,NaN,NaN,NaN,NaN,NaN,NaN,NaN,NaN,NaN,NaN
NaN,NaN,NaN,24.7870613140924,NaN,NaN,NaN,NaN,NaN,NaN,NaN,NaN,NaN,NaN,NaN,NaN,NaN,NaN,NaN,NaN,NaN,NaN,NaN,NaN,NaN
NaN,NaN,NaN,32.8567230178872,NaN,NaN,NaN,NaN,NaN,NaN,NaN,NaN,NaN,NaN,NaN,NaN,NaN,NaN,NaN,NaN,NaN,NaN,NaN,NaN,NaN
NaN,NaN,NaN,25.0733140069777,NaN,NaN,NaN,NaN,NaN,NaN,NaN,NaN,NaN,NaN,NaN,NaN,NaN,NaN,NaN,NaN,NaN,NaN,NaN,NaN,NaN
NaN,NaN,NaN,30.4080643450017,NaN,NaN,NaN,NaN,NaN,NaN,NaN,NaN,NaN,NaN,NaN,NaN,NaN,NaN,NaN,NaN,NaN,NaN,NaN,NaN,NaN
NaN,NaN,NaN,22.0145556933983,NaN,NaN,NaN,NaN,NaN,NaN,NaN,NaN,NaN,NaN,NaN,NaN,NaN,NaN,NaN,NaN,NaN,NaN,NaN,NaN,NaN
NaN,NaN,NaN,37.4893657793454,NaN,NaN,NaN,NaN,NaN,NaN,NaN,NaN,NaN,NaN,NaN,NaN,NaN,NaN,NaN,NaN,NaN,NaN,NaN,NaN,NaN
